user_input,bot_response,timestamp,session_id,message_id,metadata
"9) Pour déclarer un tableau ""MaClasse"" de 40 étudiants de cette structure, on peut écrire:",Une erreur s'est produite. Tapez 'quiz' pour réessayer.,2025-05-26 23:54:52.187545,00507644-6326-40b6-9cf3-e61e5f4daf62,00507644-6326-40b6-9cf3-e61e5f4daf62_0,{}
reponse: A,Une erreur s'est produite. Tapez 'quiz' pour réessayer.,2025-05-26 23:54:52.189547,00507644-6326-40b6-9cf3-e61e5f4daf62,00507644-6326-40b6-9cf3-e61e5f4daf62_1,{}
3) Quel est le résultat d’exécution de ce programme ?,Une erreur s'est produite. Tapez 'quiz' pour réessayer.,2025-05-26 23:54:51.863544,007f8050-cf2c-4b98-9d66-5c7cc8049a08,007f8050-cf2c-4b98-9d66-5c7cc8049a08_0,{}
reponse: C,Une erreur s'est produite. Tapez 'quiz' pour réessayer.,2025-05-26 23:54:51.865543,007f8050-cf2c-4b98-9d66-5c7cc8049a08,007f8050-cf2c-4b98-9d66-5c7cc8049a08_1,{}
9) La fonction « strncat » :,Une erreur s'est produite. Tapez 'quiz' pour réessayer.,2025-05-26 23:54:52.153546,01dbad2e-8fd0-409e-8ea8-fc99724a2be3,01dbad2e-8fd0-409e-8ea8-fc99724a2be3_0,{}
reponse: B,Une erreur s'est produite. Tapez 'quiz' pour réessayer.,2025-05-26 23:54:52.155541,01dbad2e-8fd0-409e-8ea8-fc99724a2be3,01dbad2e-8fd0-409e-8ea8-fc99724a2be3_1,{}
"7) Soit la déclaration suivante : char * ptr; En affichant : & ptr, on obtient :",Une erreur s'est produite. Tapez 'quiz' pour réessayer.,2025-05-26 23:54:52.305834,032be8ef-68e3-4bd5-9dbb-022fb359b209,032be8ef-68e3-4bd5-9dbb-022fb359b209_0,{}
reponse: C,Une erreur s'est produite. Tapez 'quiz' pour réessayer.,2025-05-26 23:54:52.309837,032be8ef-68e3-4bd5-9dbb-022fb359b209,032be8ef-68e3-4bd5-9dbb-022fb359b209_1,{}
c est quoi un pointeur,Une erreur s'est produite. Tapez 'quiz' pour réessayer.,2025-06-01 17:50:45.908967,03e73192-cb07-432f-90d1-bb640d1f78fb,03e73192-cb07-432f-90d1-bb640d1f78fb_0,{}
bonjour,"Veuillez choisir un chapitre parmi la liste suivante :
- Chapitre 1 _ Les entrees sorties
- Chapitre 2 _ Les structures conditionnelles
- Chapitre 3 _ Les structures répétitives
- Chapitre 4 _ Les tableaux I
- Chapitre 4 _ Les tableaux Tri & recherche II
- Chapitre 5 _ Les chaines de caractères I
- Chapitre 5 _ Les chaines de caractères II
- Chapitre 6 _ les structures
- Chapitre 7 _ Les fonctions
- Chapitre 8 _ Les pointeurs

Tapez le nom du chapitre pour continuer.",2025-06-25 11:32:47.972934,0837943f-76dd-4ec6-bae9-f22719104db3,0837943f-76dd-4ec6-bae9-f22719104db3_0,{}
Chapitre 1 _ Les entrees sorties,"📝 Question:

11) Lequel des énoncés suivants est vrai pour les noms de variables en C?

Options:
A) Ils peuvent contenir des caractères alphanumériques ainsi que des caractères spéciaux 
B) Ce n’est pas une erreur de déclarer une variable comme l’un des mots clés (commegoto, static) 
C) Les noms de variables ne peuvent pas commencer par un chiffre
D) La variable peut être de n’importe quelle longueur

Pour répondre, écrivez ""reponse: "" suivi de votre choix (ex: reponse: A)",2025-06-25 11:32:59.508773,0837943f-76dd-4ec6-bae9-f22719104db3,0837943f-76dd-4ec6-bae9-f22719104db3_1,{}
11) Quelle est la sortie du programme suivant ?,Une erreur s'est produite. Tapez 'quiz' pour réessayer.,2025-05-26 23:54:52.333836,0b39f64f-6cb5-4765-9d4f-e647c023cc7f,0b39f64f-6cb5-4765-9d4f-e647c023cc7f_0,{}
reponse: B,Une erreur s'est produite. Tapez 'quiz' pour réessayer.,2025-05-26 23:54:52.336830,0b39f64f-6cb5-4765-9d4f-e647c023cc7f,0b39f64f-6cb5-4765-9d4f-e647c023cc7f_1,{}
"2) L'opérateur utilisé pour obtenir la valeur de l'adresse stockée dans une 
variable de type pointeur est : ",Une erreur s'est produite. Tapez 'quiz' pour réessayer.,2025-05-26 23:54:52.275834,0d05360c-e01f-43d4-9548-dc1d3b248163,0d05360c-e01f-43d4-9548-dc1d3b248163_0,{}
reponse: A,Une erreur s'est produite. Tapez 'quiz' pour réessayer.,2025-05-26 23:54:52.277839,0d05360c-e01f-43d4-9548-dc1d3b248163,0d05360c-e01f-43d4-9548-dc1d3b248163_1,{}
"10) La fonction strcpy ( chaine1, chaine2 ) ; permet de copier la première chaîne dans la deuxième ? ",Une erreur s'est produite. Tapez 'quiz' pour réessayer.,2025-05-26 23:54:52.072552,0e941532-d43d-4f06-8857-aca92c1c1e2a,0e941532-d43d-4f06-8857-aca92c1c1e2a_0,{}
reponse: B,Une erreur s'est produite. Tapez 'quiz' pour réessayer.,2025-05-26 23:54:52.075547,0e941532-d43d-4f06-8857-aca92c1c1e2a,0e941532-d43d-4f06-8857-aca92c1c1e2a_1,{}
10) Afin de comparer deux chaines de caractère nous utilisons la fonction :,Une erreur s'est produite. Tapez 'quiz' pour réessayer.,2025-05-26 23:54:52.157541,114610ec-c40d-4d53-bef9-b05061819a49,114610ec-c40d-4d53-bef9-b05061819a49_0,{}
reponse: A,Une erreur s'est produite. Tapez 'quiz' pour réessayer.,2025-05-26 23:54:52.159547,114610ec-c40d-4d53-bef9-b05061819a49,114610ec-c40d-4d53-bef9-b05061819a49_1,{}
"3) La déclaration d'une structure entraîne la réservation d'espace mémoire pour une variable structurée 
(variable de type structure) ",Une erreur s'est produite. Tapez 'quiz' pour réessayer.,2025-05-26 23:54:52.166542,15c2442a-565f-4a86-bdfc-afecdee1c73c,15c2442a-565f-4a86-bdfc-afecdee1c73c_0,{}
reponse: B,Une erreur s'est produite. Tapez 'quiz' pour réessayer.,2025-05-26 23:54:52.167546,15c2442a-565f-4a86-bdfc-afecdee1c73c,15c2442a-565f-4a86-bdfc-afecdee1c73c_1,{}
hello,"Bonjour! Je suis votre assistant pédagogique. Je peux vous aider avec:
1. Des questions sur la programmation C (posez votre question)
2. Des quiz d'apprentissage (tapez 'quiz')
Que souhaitez-vous faire?",2025-06-24 21:47:24.691964,19d0a5cb-53c3-47e2-8fe0-a73d5ed4ee44,19d0a5cb-53c3-47e2-8fe0-a73d5ed4ee44_0,{}
quiz,"📝 Question:

15) La fonction scanf permet de :

Options:
A) Lire une chaîne de caractères comportant des espaces
B) Écrire une chaîne de caractère sans retour à la ligne
C) Lire une chaîne de caractères ne comportant pas d’espaces
D) Écrire une chaîne de caractères avec un retour à la ligne

Pour répondre, écrivez ""reponse: "" suivi de votre choix (ex: reponse: A)",2025-06-09 17:07:55.765443,1c584563-5265-4d0a-912d-5451530bea10,1c584563-5265-4d0a-912d-5451530bea10_0,{}
5) Pour afficher une chaine de caractère sur l’écran nous utilisant la fonction :,Une erreur s'est produite. Tapez 'quiz' pour réessayer.,2025-05-26 23:54:52.134549,1ddc4572-04a6-4906-abfb-e35077864f36,1ddc4572-04a6-4906-abfb-e35077864f36_0,{}
reponse: A,Une erreur s'est produite. Tapez 'quiz' pour réessayer.,2025-05-26 23:54:52.136545,1ddc4572-04a6-4906-abfb-e35077864f36,1ddc4572-04a6-4906-abfb-e35077864f36_1,{}
Bonjour,"Bonjour! Je suis votre assistant pédagogique. Je peux vous aider avec:
1. Des questions sur la programmation C (posez votre question)
2. Des quiz d'apprentissage (tapez 'quiz')
Que souhaitez-vous faire?",2025-06-01 15:14:46.207373,1e1c2533-a719-4dbd-8894-5beea597213b,1e1c2533-a719-4dbd-8894-5beea597213b_0,{}
quiz,"📝 Question:

2) Soit la déclaration suivante : int t_entier[10] ; 
Cette déclaration permet de :

Options:
A) Déclarer un tableau de 9 entiers.
B) Déclarer un tableau de 10 entiers.
C) Déclarer un tableau bidimensionnel de 10 colonnes.
D) Déclarer un tableau bidimensionnel de 10 lignes.

Pour répondre, écrivez ""reponse: "" suivi de votre choix (ex: reponse: A)",2025-06-01 15:16:08.501452,1e1c2533-a719-4dbd-8894-5beea597213b,1e1c2533-a719-4dbd-8894-5beea597213b_1,{}
reponse: A,"Bonjour et merci de m'avoir posé ta question !

Je vois que tu as répondu A, mais malheureusement, c'est pas correct. Ne t'inquiète pas, tout le monde a besoin d'aide au début !

Laisse-moi te dire pourquoi la bonne réponse est B. La déclaration `int t_entier[10] ;` permet de créer un tableau de 10 entiers. En effet, dans la programmation, chaque élément du tableau prend une valeur spécifique, et dans ce cas-là, les valeurs sont des entiers de type `int`.

Lorsque tu écris `t_entier[10]`, tu définis une variable nommée `t_entier` qui pointe vers le premier élément du tableau. Le nombre 10 après le tableau indique combien d'éléments il contient.

Par exemple, si tu étais à la position 0 du tableau, tu aurais l'entier `t_entier[0]`. Et si tu vas jusqu'à la position 9, tu pourrais avoir les entiers de 0 à 9, selon le nombre d'éléments que tu as défini.

Donc, en résumé, la bonne réponse est B. Tu es prêt à continuer et essayer une nouvelle question ?

Pour continuer le quiz, tapez 'quiz'. Pour sortir, posez une question.",2025-06-01 15:19:16.035908,1e1c2533-a719-4dbd-8894-5beea597213b,1e1c2533-a719-4dbd-8894-5beea597213b_2,{}
quiz,"📝 Question:

13) Que sera le résultat du programme C suivant ?

Code:
#include<stdio.h> 
#include<string.h> 
int main() 
{ 
char p[] = ""%d\n""; 
p[1] = 'c'; 
printf(p, 65); 
return 0;}

```python
#include<stdio.h> 
#include<string.h> 
int main() 
{ 
char p[] = ""%d\n""; 
p[1] = 'c'; 
printf(p, 65); 
return 0;}
```

Options:
A) A
B) b
C) d
D) 65

Pour répondre, écrivez ""reponse: "" suivi de votre choix (ex: reponse: A)",2025-06-01 15:40:49.724948,1e1c2533-a719-4dbd-8894-5beea597213b,1e1c2533-a719-4dbd-8894-5beea597213b_3,{}
reponse: A,"Cher étudiant,

Merci de me faire part de ta réponse ! Je vois que tu as donné la bonne réponse, A.

Je vais te dire pourquoi c'est correct. L'expression `%d\n` est utilisée pour imprimer un nombre entier suivi d'un saut à la ligne (`\n`). Cependant, dans ton code, tu as remplacé le 1er caractère du format de chaîne par 'c'. Cela change le comportement de l'expression.

Lorsque tu appelles `printf(p, 65)`, le nombre 65 est converti en caractère à l'aide de la fonction `printf`. Le résultat est donc un caractère avec le code ASCII 65, qui correspond au caractère 'E'. Cependant, comme 'c' est dans le format de chaîne, la conversion du nombre à un caractère ne fonctionne pas correctement.

Donc, même si tu as donné la bonne réponse A, c'est parce que l'expression `%d\n` s'est comportée différemment de ce que tu attendais. Mais ne t'inquiète pas, cela te donne une occasion de mieux comprendre comment les formats de chaîne fonctionnent !

Je suis impressionné par ta persévérance et ton désir d'apprendre. Tu es sur la bonne voie ! Continue à pratiquer et à demander des explications si tu as besoin.

N'hésite pas à me faire part de tes questions ou de tes doutes. Je serai toujours là pour t'aider !

Bonne chance avec ta programmation, et continue à apprendre !

Pour continuer le quiz, tapez 'quiz'. Pour sortir, posez une question.",2025-06-01 15:41:26.659852,1e1c2533-a719-4dbd-8894-5beea597213b,1e1c2533-a719-4dbd-8894-5beea597213b_4,{}
7) Quelle est la valeur de b à la fin de l'exécution de ce programme ?,Une erreur s'est produite. Tapez 'quiz' pour réessayer.,2025-05-26 23:54:51.759553,1f0a9b80-1625-48bf-84d6-e2ef4a910de2,1f0a9b80-1625-48bf-84d6-e2ef4a910de2_0,{}
reponse: B,Une erreur s'est produite. Tapez 'quiz' pour réessayer.,2025-05-26 23:54:51.761541,1f0a9b80-1625-48bf-84d6-e2ef4a910de2,1f0a9b80-1625-48bf-84d6-e2ef4a910de2_1,{}
2) Peut-on insérer une boucle dans une autre boucle?,Une erreur s'est produite. Tapez 'quiz' pour réessayer.,2025-05-26 23:54:51.807542,1f3d4fd1-85fc-4740-9813-87343e62c7ab,1f3d4fd1-85fc-4740-9813-87343e62c7ab_0,{}
reponse: A,Une erreur s'est produite. Tapez 'quiz' pour réessayer.,2025-05-26 23:54:51.809540,1f3d4fd1-85fc-4740-9813-87343e62c7ab,1f3d4fd1-85fc-4740-9813-87343e62c7ab_1,{}
5) Quelle est la valeur de b à la fin de l'exécution de ce programme ?,Une erreur s'est produite. Tapez 'quiz' pour réessayer.,2025-05-26 23:54:51.748548,21ecb69c-f01f-4cdf-9e78-984359e1ed69,21ecb69c-f01f-4cdf-9e78-984359e1ed69_0,{}
reponse: B,Une erreur s'est produite. Tapez 'quiz' pour réessayer.,2025-05-26 23:54:51.751545,21ecb69c-f01f-4cdf-9e78-984359e1ed69,21ecb69c-f01f-4cdf-9e78-984359e1ed69_1,{}
4) Quelle est la bonne syntaxe parmi ces propositions pour exécuter une boucle à  deux variables simultanément ?,Une erreur s'est produite. Tapez 'quiz' pour réessayer.,2025-05-26 23:54:51.816549,22b32ff6-2deb-4292-8e2c-f8664203ae47,22b32ff6-2deb-4292-8e2c-f8664203ae47_0,{}
reponse: B,Une erreur s'est produite. Tapez 'quiz' pour réessayer.,2025-05-26 23:54:51.818541,22b32ff6-2deb-4292-8e2c-f8664203ae47,22b32ff6-2deb-4292-8e2c-f8664203ae47_1,{}
3) Les instructions dans une boucle : do { instructions; } while (condition); s'exécute toujours au moins 1 fois : ,Une erreur s'est produite. Tapez 'quiz' pour réessayer.,2025-05-26 23:54:51.812543,23499405-0eb7-4ed4-a614-cbf93428072a,23499405-0eb7-4ed4-a614-cbf93428072a_0,{}
reponse: A,Une erreur s'est produite. Tapez 'quiz' pour réessayer.,2025-05-26 23:54:51.814546,23499405-0eb7-4ed4-a614-cbf93428072a,23499405-0eb7-4ed4-a614-cbf93428072a_1,{}
"8) Lequel des algorithmes de tri suivants décrit ce principe ? 
a- Sélectionner le minimum du tableau ( de la 2ème case jusqu’à la dernière case ) 
b- Permuter la valeur de cet élément ( s’il existe) avec le premier élément du tableau.  
c- Chercher le minimum à partir de la troisième case du tableau et l’échanger (s’il 
existe) avec le deuxième élément du tableau 
d- Ce traitement est répété jusqu’à ce que tout le tableau soit trié.",Une erreur s'est produite. Tapez 'quiz' pour réessayer.,2025-05-26 23:54:51.977549,23e22d2c-065a-4dc2-9cb3-ee07c8049c17,23e22d2c-065a-4dc2-9cb3-ee07c8049c17_0,{}
reponse: A,Une erreur s'est produite. Tapez 'quiz' pour réessayer.,2025-05-26 23:54:51.979546,23e22d2c-065a-4dc2-9cb3-ee07c8049c17,23e22d2c-065a-4dc2-9cb3-ee07c8049c17_1,{}
3) Que sera le résultat du programme C suivant ?,Une erreur s'est produite. Tapez 'quiz' pour réessayer.,2025-05-26 23:54:51.738542,23fcb14b-ee69-4537-904d-41a2048a1248,23fcb14b-ee69-4537-904d-41a2048a1248_0,{}
reponse: E,Une erreur s'est produite. Tapez 'quiz' pour réessayer.,2025-05-26 23:54:51.740540,23fcb14b-ee69-4537-904d-41a2048a1248,23fcb14b-ee69-4537-904d-41a2048a1248_1,{}
greeting,"Bonjour! Je suis votre assistant pédagogique. Je peux vous aider avec:
1. Des questions sur la programmation C (posez votre question)
2. Des quiz d'apprentissage (tapez 'quiz')
Que souhaitez-vous faire?",2025-05-24 21:59:38.321824,241c9909-8736-40df-a5d7-5990de22f9c8,241c9909-8736-40df-a5d7-5990de22f9c8_0,{}
quiz,"Veuillez choisir un chapitre parmi la liste suivante :
- Chapitre 1 _ Les entrees sorties
- Chapitre 2 _ Les structures conditionnelles
- Chapitre 3 _ Les structures répétitives
- Chapitre 4 _ Les tableaux I
- Chapitre 4 _ Les tableaux Tri & recherche II
- Chapitre 5 _ Les chaines de caractères I
- Chapitre 5 _ Les chaines de caractères II
- Chapitre 6 _ les structures
- Chapitre 7 _ Les fonctions
- Chapitre 8 _ Les pointeurs

Tapez le nom du chapitre pour continuer.",2025-06-25 12:39:54.924995,264442b6-7b1d-4292-8587-d742420594e0,264442b6-7b1d-4292-8587-d742420594e0_0,{}
Chapitre 1 _ Les entrees sorties,"📝 Question:

1) Qu'est-ce qu'une bibliothèque ?

Options:
A)  Un fichier source déjà écrit contenant des fonctions toutes prêtes
B) Un fichier permettant d'afficher du texte à l'écran
C) Un fichier contenant mon programme

Pour répondre, écrivez ""reponse: "" suivi de votre choix (ex: reponse: A)",2025-06-25 12:40:17.887848,264442b6-7b1d-4292-8587-d742420594e0,264442b6-7b1d-4292-8587-d742420594e0_1,{}
reponse: A,"**Validation**

✅ Correct ! L'étudiant a donné la bonne réponse : A. La bonne réponse est bien ""A"", car une bibliothèque est effectivement un espace où on conserve et accède à des livres et d'autres documents.

**Explication claire de la bonne réponse**

Une bibliothèque est un espace physique ou virtuel où les livres, des documents et des ressources numériques sont conservés et accessibles au public. Les bibliothèques peuvent être dépendantes du gouvernement, d'une organisation ou d'un individu, et offrent une large gamme de services tels que la consultation, le prêt et la conservation des ressources.

**Conseils pour retenir le concept**

Pour bien comprendre ce concept, voici quelques conseils :

1. **Répétez-vous** : Répétez régulièrement l'expression ""bibliothèque"" pour renforcer votre mémoire.
2. **Lisez les descriptions** : Lorsque vous vous trouvez dans une bibliothèque, prenez le temps de lire les descriptions des différentes sections et services proposés.
3. **Demandez à quelqu'un** : Si vous n'êtes pas sûr d'une définition ou d'un terme lié aux bibliothèques, ne hésitez pas à demander à un ami ou à une personne qui travaille dans une bibliothèque.

En suivant ces conseils, vous devriez être en mesure de retenir ce concept avec succès !

📊 Score actuel: 0/1

Pour continuer dans ce chapitre, tapez n'importe quoi. Pour changer de chapitre, tapez 'changer de chapitre'.",2025-06-25 12:40:41.238656,264442b6-7b1d-4292-8587-d742420594e0,264442b6-7b1d-4292-8587-d742420594e0_2,{}
chnager de chapitre,"📝 Question:

4) Pour pouvoir utiliser la fonction de Sortie standard printf(), il est indispensable :

Options:
A) d'inclure la bibliothèque standard : stdio.h
B) de déclarer des variables de types double
C) d'inclure la bibliothèque standard : math.h

Pour répondre, écrivez ""reponse: "" suivi de votre choix (ex: reponse: A)",2025-06-25 12:42:12.916758,264442b6-7b1d-4292-8587-d742420594e0,264442b6-7b1d-4292-8587-d742420594e0_3,{}
changer de chapitre,"Vous avez choisi de changer de chapitre.
Veuillez choisir un chapitre parmi la liste suivante :
- Chapitre 1 _ Les entrees sorties
- Chapitre 2 _ Les structures conditionnelles
- Chapitre 3 _ Les structures répétitives
- Chapitre 4 _ Les tableaux I
- Chapitre 4 _ Les tableaux Tri & recherche II
- Chapitre 5 _ Les chaines de caractères I
- Chapitre 5 _ Les chaines de caractères II
- Chapitre 6 _ les structures
- Chapitre 7 _ Les fonctions
- Chapitre 8 _ Les pointeurs

Tapez le nom du chapitre pour continuer.",2025-06-25 12:42:27.784009,264442b6-7b1d-4292-8587-d742420594e0,264442b6-7b1d-4292-8587-d742420594e0_4,{}
"4) Lors d’une recherche séquentielle, combien d'itérations sont effectuées pour la recherche 
de la valeur 20 dans ce tableau {15, 48, 6, 78, 15, 0} ? ",Une erreur s'est produite. Tapez 'quiz' pour réessayer.,2025-05-26 23:54:51.943548,279b8940-03d3-4f06-a161-03d116df9372,279b8940-03d3-4f06-a161-03d116df9372_0,{}
reponse: D,Une erreur s'est produite. Tapez 'quiz' pour réessayer.,2025-05-26 23:54:51.946549,279b8940-03d3-4f06-a161-03d116df9372,279b8940-03d3-4f06-a161-03d116df9372_1,{}
quiz,"Veuillez choisir un chapitre parmi la liste suivante :
- Chapitre 1 _ Les entrees sorties
- Chapitre 2 _ Les structures conditionnelles
- Chapitre 3 _ Les structures répétitives
- Chapitre 4 _ Les tableaux I
- Chapitre 4 _ Les tableaux Tri & recherche II
- Chapitre 5 _ Les chaines de caractères I
- Chapitre 5 _ Les chaines de caractères II
- Chapitre 6 _ les structures
- Chapitre 7 _ Les fonctions
- Chapitre 8 _ Les pointeurs

Tapez le nom du chapitre pour continuer.",2025-06-25 12:47:19.012945,281a8dc4-1cb1-4e4f-a823-094ccafa63ab,281a8dc4-1cb1-4e4f-a823-094ccafa63ab_0,{}
4) Comment saisir une chaîne de caractères (déclarée par char chaine[100];) ?,Une erreur s'est produite. Tapez 'quiz' pour réessayer.,2025-05-26 23:54:52.038548,2967fbe4-3f6f-43e5-8dd5-81c874e1465a,2967fbe4-3f6f-43e5-8dd5-81c874e1465a_0,{}
reponse: B,Une erreur s'est produite. Tapez 'quiz' pour réessayer.,2025-05-26 23:54:52.041547,2967fbe4-3f6f-43e5-8dd5-81c874e1465a,2967fbe4-3f6f-43e5-8dd5-81c874e1465a_1,{}
10) Quelle déclaration est fausse?,Une erreur s'est produite. Tapez 'quiz' pour réessayer.,2025-05-26 23:54:51.693546,29f9416b-1e5d-4f23-8927-2c2b033785aa,29f9416b-1e5d-4f23-8927-2c2b033785aa_0,{}
reponse: B,Une erreur s'est produite. Tapez 'quiz' pour réessayer.,2025-05-26 23:54:51.695546,29f9416b-1e5d-4f23-8927-2c2b033785aa,29f9416b-1e5d-4f23-8927-2c2b033785aa_1,{}
bonjour,"Bonjour! Je suis votre assistant pédagogique. Je peux vous aider avec:
1. Des questions sur la programmation C (posez votre question)
2. Des quiz d'apprentissage (tapez 'quiz')
Que souhaitez-vous faire?",2025-06-18 11:16:54.844141,2aabe04e-eece-4bed-b557-47aa2796f8c7,2aabe04e-eece-4bed-b557-47aa2796f8c7_0,{}
1) Qu'est-ce qu'une chaîne de caractère en C ?,Une erreur s'est produite. Tapez 'quiz' pour réessayer.,2025-05-26 23:54:52.023543,2dce023e-f220-4b5d-9a2f-85daf9e92d9e,2dce023e-f220-4b5d-9a2f-85daf9e92d9e_0,{}
reponse: B,Une erreur s'est produite. Tapez 'quiz' pour réessayer.,2025-05-26 23:54:52.025545,2dce023e-f220-4b5d-9a2f-85daf9e92d9e,2dce023e-f220-4b5d-9a2f-85daf9e92d9e_1,{}
4) Soit le programme suivant :,Une erreur s'est produite. Tapez 'quiz' pour réessayer.,2025-05-26 23:54:51.867542,2e41a4a8-bb10-4612-b44f-35491dbcd458,2e41a4a8-bb10-4612-b44f-35491dbcd458_0,{}
reponse: C,Une erreur s'est produite. Tapez 'quiz' pour réessayer.,2025-05-26 23:54:51.871555,2e41a4a8-bb10-4612-b44f-35491dbcd458,2e41a4a8-bb10-4612-b44f-35491dbcd458_1,{}
"15) Soit le pseudo algorithme suivant :
a- Parcourir le tableau du début à la fin  
b- A l'étape i, on considère que les éléments de 0 à i − 1 du tableau sont déjà triés. 
C- On cherche à placer le i-ème élément à sa bonne place parmi les éléments 
précédents du tableau, en le faisant «redescendre» jusqu'à atteindre un élément qui 
lui est inférieur. 
Le principe de cet algorithme est celui du :",Une erreur s'est produite. Tapez 'quiz' pour réessayer.,2025-05-26 23:54:52.017544,2e9221ec-72d4-49b8-840e-23baddb6e4e8,2e9221ec-72d4-49b8-840e-23baddb6e4e8_0,{}
reponse: A,Une erreur s'est produite. Tapez 'quiz' pour réessayer.,2025-05-26 23:54:52.020549,2e9221ec-72d4-49b8-840e-23baddb6e4e8,2e9221ec-72d4-49b8-840e-23baddb6e4e8_1,{}
8) Combien de fois s’exécute le corps de la boucle suivante :,Une erreur s'est produite. Tapez 'quiz' pour réessayer.,2025-05-26 23:54:51.829545,2fbc59a4-7b9e-428e-9c3e-a934c9f7133b,2fbc59a4-7b9e-428e-9c3e-a934c9f7133b_0,{}
reponse: B,Une erreur s'est produite. Tapez 'quiz' pour réessayer.,2025-05-26 23:54:51.830542,2fbc59a4-7b9e-428e-9c3e-a934c9f7133b,2fbc59a4-7b9e-428e-9c3e-a934c9f7133b_1,{}
6) L’opérateur d’adresse est utilisé dans la fonction :,Une erreur s'est produite. Tapez 'quiz' pour réessayer.,2025-05-26 23:54:52.139545,2ff10989-ce39-4adc-9f90-0d0f5831d87a,2ff10989-ce39-4adc-9f90-0d0f5831d87a_0,{}
reponse: A,Une erreur s'est produite. Tapez 'quiz' pour réessayer.,2025-05-26 23:54:52.141545,2ff10989-ce39-4adc-9f90-0d0f5831d87a,2ff10989-ce39-4adc-9f90-0d0f5831d87a_1,{}
quiz,"Veuillez choisir un chapitre parmi la liste suivante :
- Chapitre 1 _ Les entrees sorties
- Chapitre 2 _ Les structures conditionnelles
- Chapitre 3 _ Les structures répétitives
- Chapitre 4 _ Les tableaux I
- Chapitre 4 _ Les tableaux Tri & recherche II
- Chapitre 5 _ Les chaines de caractères I
- Chapitre 5 _ Les chaines de caractères II
- Chapitre 6 _ les structures
- Chapitre 7 _ Les fonctions
- Chapitre 8 _ Les pointeurs

Tapez le nom du chapitre pour continuer.",2025-06-25 11:25:02.013140,30552682-5b0a-488f-95cb-aab3f46513f5,30552682-5b0a-488f-95cb-aab3f46513f5_0,{}
Chapitre 1 _ Les entrees sorties,"📝 Question:

16) Quelle comparaison est correcte par rapport à la taille des types de données?

Options:
A) char > int > float
B) int > char > float
C) char < int < double
D) double > char > int

Pour répondre, écrivez ""reponse: "" suivi de votre choix (ex: reponse: A)",2025-06-25 11:25:13.168211,30552682-5b0a-488f-95cb-aab3f46513f5,30552682-5b0a-488f-95cb-aab3f46513f5_1,{}
reponse: A,"**Feedback**

**1. Validation**
 ❌ Incorrect

La bonne réponse n'est pas A, mais C.

**2. Explication**
 La comparaison correcte par rapport à la taille des types de données est {C}. Les nombres entiers (C) sont généralement les plus grands en termes de taille car ils peuvent contenir une grande quantité de chiffres. En revanche, les chaînes de caractères (A) et les nombres en décalade (B) sont souvent plus courts en raison de leur structure de données.

**3. Conseils**
 Pour retenir le concept de la taille des types de données :
 - Nombres entiers : les nombres entiers sont généralement les plus grands en termes de taille.
 - Chaînes de caractères : les chaînes de caractères sont souvent plus courtes que les nombres entiers.
 - Nombres en décalade : les nombres en décalade sont souvent plus courts encore que les nombres entiers.

📊 Score actuel: 0/1

Pour continuer dans ce chapitre, tapez n'importe quoi. Pour changer de chapitre, tapez 'changer de chapitre'.",2025-06-25 11:25:33.490103,30552682-5b0a-488f-95cb-aab3f46513f5,30552682-5b0a-488f-95cb-aab3f46513f5_2,{}
11) Lequel des énoncés suivants est vrai pour les noms de variables en C?,Une erreur s'est produite. Tapez 'quiz' pour réessayer.,2025-05-26 23:54:51.698546,30c71728-47e3-4375-96b5-f2e7e234f2af,30c71728-47e3-4375-96b5-f2e7e234f2af_0,{}
reponse: C,Une erreur s'est produite. Tapez 'quiz' pour réessayer.,2025-05-26 23:54:51.700543,30c71728-47e3-4375-96b5-f2e7e234f2af,30c71728-47e3-4375-96b5-f2e7e234f2af_1,{}
1) Comment on peut déclarer une chaine de caractère en C :,Une erreur s'est produite. Tapez 'quiz' pour réessayer.,2025-05-26 23:54:52.105545,31ab2a6c-8251-4cfe-8f52-c0d0c6721f2c,31ab2a6c-8251-4cfe-8f52-c0d0c6721f2c_0,{}
reponse: B,Une erreur s'est produite. Tapez 'quiz' pour réessayer.,2025-05-26 23:54:52.108545,31ab2a6c-8251-4cfe-8f52-c0d0c6721f2c,31ab2a6c-8251-4cfe-8f52-c0d0c6721f2c_1,{}
bonjour,"Bonjour! Je suis votre assistant pédagogique. Je peux vous aider avec:
1. Des questions sur la programmation C (posez votre question)
2. Des quiz d'apprentissage (tapez 'quiz')
Que souhaitez-vous faire?",2025-06-18 11:18:05.250131,3251d3fc-015e-40b3-9a15-fdd2bb9bcfd4,3251d3fc-015e-40b3-9a15-fdd2bb9bcfd4_0,{}
c est quoi une bibliotheque,"**Définition d'une bibliothèque**

Une bibliothèque est un ensemble de ressources et d'instruments permettant de stocker, de gérer et de récupérer des informations. Dans le contexte de la programmation C, une bibliothèque fait référence à un ensemble de fonctions et de variables qui peuvent être utilisées pour effectuer des tâches spécifiques.

**Définition d'une chaîne de caractère en C**

Une chaîne de caractères (ou chaine de caractères) est un type de variable qui stocke une séquence de caractères. Elle est constituée d'un ensemble d'éléments, chacun représentant un caractère, et est souvent utilisée pour stocker des textes ou des messages.

**La fin d'une chaîne de caractère en C**

En C, la fin d'une chaîne de caractère est marquée par le caractère nul (`\0`), qui indique la fin de la séquence de caractères. Ce caractère est souvent appelé ""caractère de terminaison"" ou ""terminateur"".

**Exemples pratiques**

Voici quelques exemples de comment les chaînes de caractères sont utilisées en C :

*   ```c
    #include <stdio.h>
    int main() {
        char nom[20] = ""Jean"";
        printf(""%s\n"", nom);
        return 0;
    }
    ```
    Dans cet exemple, la variable `nom` est une chaîne de caractères qui stocke le nom ""Jean"". L'appel à la fonction `printf()` utilise la chaîne de caractère `nom` pour afficher son contenu.

*   ```c
    #include <stdio.h>
    int main() {
        char chaine[] = ""Bonjour"";
        for (int i = 0; chaine[i] != '\0'; i++) {
            printf(""%c"", chaine[i]);
        }
        return 0;
    }
    ```
    Dans cet exemple, la chaîne de caractères `chaine` est utilisée pour afficher chaque caractère individuellement.

**Cas d'utilisation**

Les chaînes de caractères sont utiles dans de nombreuses situations :

*   **Stockage de textes** : les chaînes de caractères peuvent être utilisées pour stocker des textes, tels que les noms, les adresses ou les messages.
*   **Affichage de texte** : les chaînes de caractères peuvent être utilisées avec des fonctions telles que `printf()` pour afficher le contenu d'une variable.
*   **Vérification de la fin de la chaîne** : l'utilisation du caractère nul (`\0`) permet de vérifier si une chaîne de caractères est terminée.

En résumé, les chaînes de caractères sont un type de variable qui stocke des séquences de caractères et sont utilisées pour effectuer des tâches telles que le stockage de textes, l'affichage de texte et la vérification de la fin d'une chaîne.",2025-06-18 11:18:42.787860,3251d3fc-015e-40b3-9a15-fdd2bb9bcfd4,3251d3fc-015e-40b3-9a15-fdd2bb9bcfd4_1,{}
Qu'est-ce qu'un pointeur en C ?,"**Définition d'un pointeur en C**

Un pointeur est un variable qui stocke l'adresse mémoire de une autre variable. En d'autres termes, il s'agit d'une variable qui contient l'emplacement dans la mémoire où se trouve une autre variable.

**Explication détaillée**

Imaginez que vous avez deux boîtes : une boîte pour les nombres et une autre pour les adresses de mémoire. Un pointeur est comme une carte qui indique où se trouve la boîte des nombres dans la boîte des adresses de mémoire.

Lorsque vous définissez un pointeur, vous spécifiez qu'il va stocker l'adresse d'une autre variable. Par exemple, si vous définissez un pointeur nommé `x` et que vous le initialisez à `&a`, cela signifie que `x` va stocker l'adresse de la variable `a`.

**Cas d'utilisation**

Les pointeurs sont utiles pour plusieurs raisons :

*   **Accéder à une valeur sans copier** : en utilisant un pointeur, vous pouvez accéder à une valeur sans avoir à la copier. Par exemple, si vous avez une variable `x` et que vous voulez la modifier sans créer une nouvelle copie, vous pouvez utiliser un pointeur pour référencer la variable et modifier directement l'adresse.
*   **Manipulation de structures** : les pointeurs sont utiles pour manipuler des structures qui contiennent plusieurs variables. Par exemple, si vous avez une structure `Personne` avec des champs `nom`, `prenom` et `age`, vous pouvez utiliser des pointeurs pour référencer ces champs.
*   **Pointeur à fonction** : les pointeurs sont également utiles pour les fonctions. Vous pouvez passer un pointeur à la fonction afin de pouvoir modifier la valeur qu'il contient.

**Exemples pratiques**

Voici quelques exemples de code qui illustrent l'utilisation des pointeurs :
```c
#include <stdio.h>

int main() {
    int x = 5;
    int *px = &x; // Initialisation du pointeur

    printf(""Adresse de la variable x : %p\n"", px);
    printf(""Valeur de la variable x : %d\n"", *px);

    *px = 10; // Modification de la valeur
    printf(""Valeur de la variable x après modification : %d\n"", *px);

    return 0;
}
```

Dans cet exemple, nous définissons une variable `x` et un pointeur `px`. Nous initialisons le pointeur avec l'adresse de la variable `x`, puis nous utilisons les opérateurs `printf` et `*px` pour afficher l'adresse de la variable et sa valeur respectives. Enfin, nous modifions la valeur de la variable en utilisant l'opérateur `*px`.

```c
#include <stdio.h>

int main() {
    int a = 5;
    int *pa = &a; // Déclaration du pointeur

    printf(""Adresse de la variable a : %p\n"", pa);

    struct Personne p;
    p.nom = ""Jean"";
    p.prenom = ""Pierre"";
    p.age = 25;

    int *pi = (int *)&p.age; // Pointeur sur un membre de structure
    pi++;

    printf(""Valeur de la variable age après modification : %d\n"", *pi);

    return 0;
}
```

Dans cet exemple, nous définissons une structure `Personne` et un pointeur `pa`. Nous utilisons les opérateurs `printf` et `*pa` pour afficher l'adresse de la variable et sa valeur respective. Ensuite, nous définissons un autre pointeur `pi` qui pointe sur le champ `age` de la structure. Nous modifions ensuite la valeur du champ en utilisant les opérateurs `*pi` et `+`.",2025-06-25 12:57:29.475180,36580634-acc8-4e12-b168-364f8e8598a7,36580634-acc8-4e12-b168-364f8e8598a7_0,{}
"14) Lequel des éléments suivants est syntaxiquement correct et vrai pour les valeurs 
suivantes: int x=0, y=1, z=2;  ",Une erreur s'est produite. Tapez 'quiz' pour réessayer.,2025-05-26 23:54:51.794548,36e534f1-bd7e-449e-98ad-0034b27f72b4,36e534f1-bd7e-449e-98ad-0034b27f72b4_0,{}
reponse: C,Une erreur s'est produite. Tapez 'quiz' pour réessayer.,2025-05-26 23:54:51.796546,36e534f1-bd7e-449e-98ad-0034b27f72b4,36e534f1-bd7e-449e-98ad-0034b27f72b4_1,{}
"6) Un programmeur voudrait déclarer et initialiser un tableau contenant 5 entiers
Quel est la bonne réponse : ",Une erreur s'est produite. Tapez 'quiz' pour réessayer.,2025-05-26 23:54:51.879541,36f39950-d222-486f-a435-55ea6fb9aa23,36f39950-d222-486f-a435-55ea6fb9aa23_0,{}
reponse: D,Une erreur s'est produite. Tapez 'quiz' pour réessayer.,2025-05-26 23:54:51.881541,36f39950-d222-486f-a435-55ea6fb9aa23,36f39950-d222-486f-a435-55ea6fb9aa23_1,{}
quiz,"Veuillez choisir un chapitre parmi la liste suivante :
- Chapitre 1 _ Les entrees sorties
- Chapitre 2 _ Les structures conditionnelles
- Chapitre 3 _ Les structures répétitives
- Chapitre 4 _ Les tableaux I
- Chapitre 4 _ Les tableaux Tri & recherche II
- Chapitre 5 _ Les chaines de caractères I
- Chapitre 5 _ Les chaines de caractères II
- Chapitre 6 _ les structures
- Chapitre 7 _ Les fonctions
- Chapitre 8 _ Les pointeurs

Tapez le nom du chapitre pour continuer.",2025-07-02 10:41:36.045891,3c872780-598d-40bc-9799-8a9a4a62a25a,3c872780-598d-40bc-9799-8a9a4a62a25a_0,{}
Chapitre 1 _ Les entrees sorties,"📝 Question:

6) En langage C, l’instruction composée est réalisée à partir d’instructions groupées dans un bloc entre deux ....

Options:
A) Accolades {}
B) Parenthèses ()
C) Crochets []

Pour répondre, écrivez ""reponse: "" suivi de votre choix (ex: reponse: A)",2025-07-02 10:41:46.350992,3c872780-598d-40bc-9799-8a9a4a62a25a,3c872780-598d-40bc-9799-8a9a4a62a25a_1,{}
reponse: A,"🤔

**Validation**
✅ Correct

La réponse de l'étudiant est correcte : les instructions composées sont en effet réalisées à partir d'instructions groupées dans un bloc entre deux points-virgule « ; ».

**Explication claire de la bonne réponse**

En langage C, une instruction composée est une directive qui permet de gérer plusieurs instructions en même temps. Pour que cette directive soit efficace, les instructions doivent être groupées dans un bloc qui est séparé par deux points-virgule « ; » . Cela permet au compilateur de comprendre que toutes les instructions entre le premier point-virgule et le dernier doivent être exécutées en même temps.

Par exemple :

```c
// Une instruction composée qui groupent plusieurs instructions
int somme = 0;
for (int i = 1 ; i <= 5 ; ++i) {
    somme += i;
}
printf(""%d"", somme);
```

Dans cet exemple, le bloc entre les deux points-virgule « ; » regroupe les instructions de la boucle for et la division des résultats par 2.

**Conseils pour retenir le concept**

Pour retenir ce concept, il est important de se rappeler que :

* Les instructions composées doivent être groupées entre deux points-virgule « ; ».
* Le compilateur doit comprendre les instructions entre ces points-virgules pour exécuter la directive correctement.

En résumé, les instructions composées sont une façon efficace de gérer plusieurs instructions en même temps, et il est important de suivre les règles de structure pour que le compilateur comprenne correctement votre code.

📊 Score actuel: 0/1

Pour continuer dans ce chapitre, tapez n'importe quoi. Pour changer de chapitre, tapez 'changer de chapitre'.",2025-07-02 10:42:16.667122,3c872780-598d-40bc-9799-8a9a4a62a25a,3c872780-598d-40bc-9799-8a9a4a62a25a_2,{}
continuer,"📝 Question:

16) Quelle comparaison est correcte par rapport à la taille des types de données?

Options:
A) char > int > float
B) int > char > float
C) char < int < double
D) double > char > int

Pour répondre, écrivez ""reponse: "" suivi de votre choix (ex: reponse: A)",2025-07-02 10:42:49.975843,3c872780-598d-40bc-9799-8a9a4a62a25a,3c872780-598d-40bc-9799-8a9a4a62a25a_3,{}
bonjour,"Bonjour! Je suis votre assistant pédagogique. Je peux vous aider avec:
1. Des questions sur la programmation C (posez votre question)
2. Des quiz d'apprentissage (tapez 'quiz')
Que souhaitez-vous faire?",2025-06-01 19:55:19.592762,3e4ce50d-e2e1-4d7f-8316-b1fc16985be3,3e4ce50d-e2e1-4d7f-8316-b1fc16985be3_0,{}
quiz,"📝 Question:

9) Laquelle des déclarations suivantes est correcte pour l'instruction switch...case ?

Options:
A) Le ""case"" n'accepte que le type caractère
B) Switch case ne doit avoir qu'une seule instruction par défaut 'default' qui est obligatoire 
C) Deux ou plusieurs: 'case' peuvent partager la même instruction break;

Pour répondre, écrivez ""reponse: "" suivi de votre choix (ex: reponse: A)",2025-06-01 19:55:30.436661,3e4ce50d-e2e1-4d7f-8316-b1fc16985be3,3e4ce50d-e2e1-4d7f-8316-b1fc16985be3_1,{}
reponse: A,"**Chapitre 7 : Les fonctions**

### 1. Définition d'une fonction

Une fonction est un bloc de code qui exécute une tâche spécifique et peut être appelé plusieurs fois dans le même programme, avec des arguments différents. En d'autres termes, une fonction est une unité de code indépendante qui prend des entrées (arguments), les traite et retourne une sortie (une valeur ou un résultat).

**Exemple :**

```c
int somme(int a, int b) {
    return a + b;
}

int main() {
    int result = somme(3, 5);
    printf(""%d\n"", result); // Affiche la valeur de somme(3, 5), qui est 8
    return 0;
}
```

Dans cet exemple, `somme` est une fonction qui prend deux entiers en argument et les retourne sous forme de leur somme. La fonction `main` appelle la fonction `somme` avec les arguments 3 et 5, puis imprime le résultat.

### 2. Qu'est-ce qui se passe après un `return` ?

Lorsqu'une fonction atteint le mot-clé `return`, elle quitted sa tâche actuelle et passe à l'appel suivant dans la chaîne de fonctionnement du programme. Le code après le `return` n'est pas exécuté.

**Exemple :**

```c
void affiche_message(char* message) {
    printf(""%s\n"", message); // Affiche le message
    return; // Quitte la fonction sans passer au code suivant
}

int main() {
    char* msg = ""Bonjour le monde !"";
    affiche_message(msg);
    printf(""Je suis après l'appel de affiche_message.\n""); // Ce code n'est pas exécuté
    return 0;
}
```

Dans cet exemple, la fonction `affiche_message` affiche un message et quitte à son tour sans passer au code suivant dans le programme.

### 3. Quelle fonction retourne la longueur d'une chaîne de caractères ?

La fonction qui retourne la longueur d'une chaîne de caractères en C est `strlen`. Elle prend une chaîne de caractères en argument et renvoie un entier representing le nombre de caractères dans la chaîne.

**Exemple :**

```c
#include <string.h>

int main() {
    char* str = ""Bonjour le monde !"";
    int len = strlen(str);
    printf(""La longueur de la chaîne est %d.\n"", len); // Affiche 13, qui est la longueur de la chaîne
    return 0;
}
```

Dans cet exemple, `strlen` est utilisé pour retourner la longueur de la chaîne `""Bonjour le monde !""`.",2025-06-01 19:57:50.555199,3e4ce50d-e2e1-4d7f-8316-b1fc16985be3,3e4ce50d-e2e1-4d7f-8316-b1fc16985be3_2,{}
"quiz
*","📝 Question:

9) Pour faciliter la compréhension d'un programme, son débogage ainsi sa que  
réutilisation, Il est préférable d'utiliser des variables :

Options:
A) Locales.
B) Globales.

Pour répondre, écrivez ""reponse: "" suivi de votre choix (ex: reponse: A)",2025-06-01 20:00:12.599200,3e4ce50d-e2e1-4d7f-8316-b1fc16985be3,3e4ce50d-e2e1-4d7f-8316-b1fc16985be3_3,{}
reponse: A,"**Chapitre 7 : Les fonctions**

Une fonction est un bloc de code qui peut être exécuté plusieurs fois à partir d'un seul point du programme, en passant des arguments au début et en renvoyant une valeur de sortie. Cela nous permet de répéter une tâche complexe ou de la simplifier, tout en évitant les répétitions de code.

**Définition**

Une fonction est définie par :

*   Un nom qui lui est attribué
*   Un ensemble d'arguments qui sont passés à la fonction
*   Un ensemble de statuts qui peuvent être utilisés pour la gestion des erreurs ou du programme

**Exemple de fonction**

```c
int somme(int a, int b) {
    return a + b;
}

int main() {
    int result = somme(5, 3);
    printf(""La somme est : %d"", result); // affichera ""La somme est : 8""
}
```

Dans cet exemple, la fonction `somme` prend deux arguments de type entier et les additionne avant de renvoyer le résultat. La fonction `main` appelle cette fonction avec les arguments `5` et `3`, puis affiche le résultat.

**Qu'est-ce qui se passe après un return ?**

Après avoir appelé une fonction, il est important de comprendre ce qui se passe ensuite :

*   Le programme renvoie au point de début de la fonction appelée.
*   Les valeurs de sortie passées à la fonction sont stockées dans des variables ou utilisées comme arguments pour d'autres fonctions.

**Chapitre 5 : Les chaines de caractères I**

Une chaîne de caractères est un ensemble de caractères séparés par du espace. On peut créer une chaîne de caractères en définissant une variable et attribuant à celle-ci un ensemble de caractères avec `=` ou dans les brackets `{}`.

```c
char nom[] = ""Jean"";
```

Dans cet exemple, la variable `nom` est une chaîne de caractères qui contient les caractères ""J"", ""e"", ""a"", et ""n"".

**La fonction strlen()**

La fonction `strlen()` retourne la longueur d'une chaîne de caractères. Elle peut être utilisée à partir du standard C.

```c
#include <string.h>

int main() {
    char nom[] = ""Jean"";
    int taille = strlen(nom);
    printf(""Le nom a %d caractères"", taille); // affichera ""Le nom a 4 caractères""
}
```

Dans cet exemple, la fonction `strlen()` est utilisée pour récupérer le nombre de caractères dans l'expression chaînée `""Jean""`.",2025-06-01 20:00:52.767136,3e4ce50d-e2e1-4d7f-8316-b1fc16985be3,3e4ce50d-e2e1-4d7f-8316-b1fc16985be3_4,{}
quiz,"📝 Question:

12) Quelle est la sortie du programme suivant?

Code:
#include <stdio.h> 
int main()
{
int n;
for (n=7; n =0; n--) n=n+1;
n=n+1 ;
printf(""n %d"", n);
return 0;
}

```python
#include <stdio.h> 
int main()
{
int n;
for (n=7; n =0; n--) n=n+1;
n=n+1 ;
printf(""n %d"", n);
return 0;
}
```

Options:
A) Boucle infinie
B) -1
C) 1
D) Erreur

Pour répondre, écrivez ""reponse: "" suivi de votre choix (ex: reponse: A)",2025-06-01 20:10:31.831252,3e4ce50d-e2e1-4d7f-8316-b1fc16985be3,3e4ce50d-e2e1-4d7f-8316-b1fc16985be3_5,{}
reponse: A,"Bonjour ! 

Merci de m'avoir donné la chance d'aider et de comprendre ton programme C. Je vois que tu as essayé de créer un programme qui semble afficher une valeur incrémentale, mais avec une petite erreur dans le boucle. 

Ta réponse ""A"" est correcte ! Tu as raison de dire que la sortie du programme est bien ""A"". Mais pour comprendre pourquoi c'est ainsi, commençons par analyser les lignes du programme.

La ligne `for (n=7; n =0; n--)` est une boucle qui commence avec la valeur 7 et continue à diminuer de 1 jusqu'à atteindre 0. Cela ressemble à une boucle incrémentale, mais... il y a un petit problème ! La condition `n = 0` est fausse. Dans une boucle, on attend généralement que la condition soit `n < 0`, pas `n = 0`. Mais tu as réussi à éviter ce problème en utilisant l'opérateur de comparaison `=`.

Alors, qu'est-ce qui se passe dans cette boucle ? Eh bien, après avoir atteint 0, la condition devient fausse et la boucle s'arrête. Mais avant d'arriver à cela, il y a une autre ligne : `n=n+1;`. Cela semble contradictoire avec le reste de la boucle ! En effet, si on laisse `n` diminuer de 1 dans chaque itération, mais l'inverse l'ajoute ensuite... ce sera bien une valeur qui change !

Et c'est exactement ce qui se passe. Lorsque la condition devient fausse et que la boucle s'arrête, il reste le last value (le dernier value) de `n` avant d'avoir été augmenté par 1. C'est-à-dire, après avoir atteint 0, mais avant d'avoir été réinitialisé à 0.

Donc, lorsque tu appelles `printf(""n %d"", n);`, la valeur de `n` est bien le last value, qui est... 7 ! Et non 8, car tu l'as réinitialisé à 0 et augmenté par 1 avant d'avoir affiché le résultat.

Donc, je félicite ton effort et ta persévérance, parce que la réponse ""A"" était correcte. Tu as réussi à comprendre les trucs de ce programme ! Continue comme ça et tu deviendras un expert du C en quelques temps. Tu es capable d'aborder des défis plus complexes, je suis sûr de cela.

Pour continuer le quiz, tapez 'quiz'. Pour sortir, posez une question.",2025-06-01 20:11:23.426593,3e4ce50d-e2e1-4d7f-8316-b1fc16985be3,3e4ce50d-e2e1-4d7f-8316-b1fc16985be3_6,{}
c est quoi un pointeur,"**Chapitre 8 : Les pointeurs**

Un pointeur est un variable qui contient l'adresse mémoire d'une autre variable. C'est-à-dire que le pointeur pointe vers un endroit spécifique de la mémoire où se trouve une valeur, et non vers la valeur elle-même.

**Définition formelle :**
Un pointeur est un type de variable qui représente l'adresse mémoire d'une autre variable. Il est souvent représenté par un symbole `*` ou un type de variable spécifique (`void*`, `int*`, etc.).

**Exemple pratique :**

Imaginez que nous avons une variable `x` qui contient la valeur 10 :
```c
int x = 10;
```
Nous pouvons déclarer un pointeur `y` qui pointe vers l'adresse de `x` en utilisant la syntaxe suivante :
```c
int *y = &x;
```
La variable `y` contient maintenant l'adresse mémoire de `x`, qui est `0x12345678`. Nous pouvons utiliser cette adresse pour accéder à la valeur de `x`.

**Exemple avec des opérations :**
```c
int x = 10;
int *y = &x;

printf(""%d\n"", *y); // affiche la valeur de x, qui est 10

y++; // pointe vers la prochaine adresse mémoire

printf(""%p\n"", y); // affiche l'adresse suivante après celle de x
```
**Cas d'utilisation :**

Les pointeurs sont utiles pour :

*   Gérer la mémoire dynamique en C (avec des bibliothèques comme `malloc` et `free`)
*   Passer des arguments par valeur (pour éviter les problèmes de compatibilité entre le compilateur)
*   Utiliser des tables ou des matrices pour stocker des données
*   Gérer les erreurs avec des codes d'état

**Réponse à la question :**

4) **Quelle valeur possède par défaut un pointeur non initialisé ?**
Un pointeur non initialisé contient une valeur indéfinie, qui peut être n'importe quelle adresse mémoire. C'est pourquoi il est important de l'initialiser avant d'en utiliser la valeur.

3) **Quelle est la bonne syntaxe pour déclarer un pointeur sur un nombre entier (`int`) ?**
La bonne syntaxe pour déclarer un pointeur sur un nombre entier (`int`) est :
```c
int *y;
```
ou avec le symbole `*` :
```c
int y*;
```
Notez que dans les deux cas, le mot clé `int` est suivi d'un astérisque `*`, qui indique que la variable est un pointeur.

1) **Définition du concept :**
Un pointeur est une variable qui contient l'adresse mémoire d'une autre variable. C'est-à-dire qu'il pointe vers un endroit spécifique de la mémoire où se trouve une valeur, et non vers la valeur elle-même.",2025-06-01 20:12:41.755374,3e4ce50d-e2e1-4d7f-8316-b1fc16985be3,3e4ce50d-e2e1-4d7f-8316-b1fc16985be3_7,{}
quiz,"📝 Question:

11) Quelle est la sortie du programme suivant ?

Code:
#include <stdio.h> 
int main() 
{ 
int arr[] = {1, 2, 3, 4, 5}; 
int *p = arr; 
++*p; 
p += 2; 
printf(""%d"", *p); 
return 0; 
}

```python
#include <stdio.h> 
int main() 
{ 
int arr[] = {1, 2, 3, 4, 5}; 
int *p = arr; 
++*p; 
p += 2; 
printf(""%d"", *p); 
return 0; 
}
```

Options:
A) 2
B) 3
C) 4
D) erreur d'exécution

Pour répondre, écrivez ""reponse: "" suivi de votre choix (ex: reponse: A)",2025-06-01 20:13:11.452709,3e4ce50d-e2e1-4d7f-8316-b1fc16985be3,3e4ce50d-e2e1-4d7f-8316-b1fc16985be3_8,{}
quiz,"📝 Question:

7) La fonction « strlen » permet de Calculer la longueur d’une chaine :

Options:
a) En comptabilisant le caractère ‘\0’.
b) Sans comptabiliser le caractère ‘\0’.

Pour répondre, écrivez ""reponse: "" suivi de votre choix (ex: reponse: A)",2025-06-01 20:16:51.473013,3e4ce50d-e2e1-4d7f-8316-b1fc16985be3,3e4ce50d-e2e1-4d7f-8316-b1fc16985be3_9,{}
quiz,"📝 Question:

2) La fin d’une chaine de caractère en C est marquée par le caractère :

Options:
a) \0
b) \n
c) &

Pour répondre, écrivez ""reponse: "" suivi de votre choix (ex: reponse: A)",2025-06-01 20:16:58.586902,3e4ce50d-e2e1-4d7f-8316-b1fc16985be3,3e4ce50d-e2e1-4d7f-8316-b1fc16985be3_10,{}
quiz,"📝 Question:

1) Une fonction est définie par : ( plusieurs réponses sont possibles)

Options:
A) Son nom et le type de valeur retournée.
B) son nom seul.
C) le type de retour, le nom, le nombre et les types d'arguments formels de la fonction.

Pour répondre, écrivez ""reponse: "" suivi de votre choix (ex: reponse: A)",2025-06-01 20:17:02.217628,3e4ce50d-e2e1-4d7f-8316-b1fc16985be3,3e4ce50d-e2e1-4d7f-8316-b1fc16985be3_11,{}
quiz,"📝 Question:

9) Que renvoie la fonction strcmp (comparaison de chaînes) si les 2 chaînes comparées sont identiques ?

Options:
A) -1
B) 0
C) 1

Pour répondre, écrivez ""reponse: "" suivi de votre choix (ex: reponse: A)",2025-06-01 20:17:06.166392,3e4ce50d-e2e1-4d7f-8316-b1fc16985be3,3e4ce50d-e2e1-4d7f-8316-b1fc16985be3_12,{}
quiz,"📝 Question:

2) Quel type de recherche peut-on mener sur le tableau suivant {15, 48, 6 , 78, 15,0} ?

Options:
A) Une recherche dichotomique
B) Une recherche séquentielle
C) Une recherche séquentielle et une recherche dichotomique sont possibles
D) Ni la recherche séquentielle ni la recherche dichotomique n'est possible

Pour répondre, écrivez ""reponse: "" suivi de votre choix (ex: reponse: A)",2025-06-01 20:17:10.237083,3e4ce50d-e2e1-4d7f-8316-b1fc16985be3,3e4ce50d-e2e1-4d7f-8316-b1fc16985be3_13,{}
quiz,"📝 Question:

3) La longueur d’une chaine de caractère est égale à :

Options:
a) La taille du tableau
b) La taille du tableau +1
c) La taille du tableau -1

Pour répondre, écrivez ""reponse: "" suivi de votre choix (ex: reponse: A)",2025-06-01 20:17:13.243477,3e4ce50d-e2e1-4d7f-8316-b1fc16985be3,3e4ce50d-e2e1-4d7f-8316-b1fc16985be3_14,{}
quz,"Pour répondre, écrivez 'reponse: ' suivi de votre choix (ex: reponse: A)",2025-06-01 20:17:16.121142,3e4ce50d-e2e1-4d7f-8316-b1fc16985be3,3e4ce50d-e2e1-4d7f-8316-b1fc16985be3_15,{}
quiz,"📝 Question:

1) Que sera le résultat du code C suivant ?

Code:
#include <stdio.h> 
int main() 
{ 
int x = 0; 
if (x == 0) 
printf(""hi""); 
else 
printf(""how are u""); 
printf(""hello""); 
return 0;   
}

```python
#include <stdio.h> 
int main() 
{ 
int x = 0; 
if (x == 0) 
printf(""hi""); 
else 
printf(""how are u""); 
printf(""hello""); 
return 0;   
}
```

Options:
A) hi
B) how are you
C) hello
D) hihello

Pour répondre, écrivez ""reponse: "" suivi de votre choix (ex: reponse: A)",2025-06-01 20:17:20.399106,3e4ce50d-e2e1-4d7f-8316-b1fc16985be3,3e4ce50d-e2e1-4d7f-8316-b1fc16985be3_16,{}
bonjour,"Bonjour! Je suis votre assistant pédagogique. Je peux vous aider avec:
1. Des questions sur la programmation C (posez votre question)
2. Des quiz d'apprentissage (tapez 'quiz')
Que souhaitez-vous faire?",2025-06-01 19:22:55.552777,4191683e-31eb-4b40-a2b0-649bd8ff178a,4191683e-31eb-4b40-a2b0-649bd8ff178a_0,{}
quiz,"📝 Question:

10) Quelle déclaration est fausse?

Options:
A) Une variable se réfère à un emplacement dans la mémoire
B) Une variable doit être déclarée et définie au même temps
C) Une seule variable ne peut pas être définie avec deux types différents dans la même portée  
D) Une variable définie une fois peut être définie à nouveau avec une portée différente 

Pour répondre, écrivez ""reponse: "" suivi de votre choix (ex: reponse: A)",2025-06-01 19:23:07.644656,4191683e-31eb-4b40-a2b0-649bd8ff178a,4191683e-31eb-4b40-a2b0-649bd8ff178a_1,{}
reponse: A,"**Salutations amicales !**

Bonjour ! Je vois que tu as posé la question ""Quelle déclaration est fausse ?"" et que tu as sélectionné l'option A comme réponse. Pas de problème, nous allons analyser cela ensemble !

**Analysons ta réponse avec bienveillance...**

Je peux voir que tu as choisi l'option A sans trop de réflexion, ce qui signifie que tu n'avais pas encore pensé à la question. C'est tout à fait normal, car les questions peuvent être un peu difficiles.

**La bonne réponse est... B !**

Cependant, je suis désolé d'avoir du mal à trouver l'option A dans ta réponse, car il n'y a pas de selection spécifique mentionnée. Mais ne t'inquiète pas, nous allons continuer !

**Pourquoi la réponse est-elle correcte ?**

La bonne réponse est en fait B. Cependant, je ne peux pas te dire pour quel motif exactement sans connaître le contenu de l'option B. Si tu veux savoir pourquoi c'est incorrect, nous pouvons discuter cela ensemble !

**Expliquons-le en détail...**

Je pense qu'il est temps d'en apprendre un peu plus ! Nous allons prendre une minute pour discuter des options et comprendre comment faire les bonnes choix. Qu'est-ce que tu penses ?

**Encouragement et motivation !**

Ne t'inquiète pas si tu n'as pas toujours la réponse facile. C'est normal, et c'est precisely parce que nous commençons à apprendre ensemble que nous pouvons devenir de meilleurs élèves ! Tu as déjà fait un grand pas en posant la question et en essayant de trouver la bonne réponse.

**Continuons notre aventure de découvertes !**

Alors, qu'est-ce que tu dirais si nous continuons à discuter des options et en apprenons ensemble ? Je suis là pour t'aider et te soutenir tout au long du processus.

Pour continuer le quiz, tapez 'quiz'. Pour sortir, posez une question.",2025-06-01 19:23:43.870968,4191683e-31eb-4b40-a2b0-649bd8ff178a,4191683e-31eb-4b40-a2b0-649bd8ff178a_2,{}
"9) Pour faciliter la compréhension d'un programme, son débogage ainsi sa que  
réutilisation, Il est préférable d'utiliser des variables : ",Une erreur s'est produite. Tapez 'quiz' pour réessayer.,2025-05-26 23:54:52.230341,41e14d65-6416-4dc9-b53d-d1911ad20132,41e14d65-6416-4dc9-b53d-d1911ad20132_0,{}
reponse: A,Une erreur s'est produite. Tapez 'quiz' pour réessayer.,2025-05-26 23:54:52.233839,41e14d65-6416-4dc9-b53d-d1911ad20132,41e14d65-6416-4dc9-b53d-d1911ad20132_1,{}
bonjour,"Bonjour! Je suis votre assistant pédagogique. Je peux vous aider avec:
1. Des questions sur la programmation C (posez votre question)
2. Des quiz d'apprentissage (tapez 'quiz')
Que souhaitez-vous faire?",2025-06-01 20:27:21.954245,447da374-618b-43c0-bb71-6ed3e18fdf42,447da374-618b-43c0-bb71-6ed3e18fdf42_0,{}
"13) Nous allons trier le tableau suivant par ordre croissant :
arr [7] = { 1,4,2,9,3,8,5 }. À quoi ressemble le tableau après un seul passage de 
l'algorithme de tri par sélection? ",Une erreur s'est produite. Tapez 'quiz' pour réessayer.,2025-05-26 23:54:52.003546,4530558f-d9a9-4226-972e-8f87243240d9,4530558f-d9a9-4226-972e-8f87243240d9_0,{}
reponse: A,Une erreur s'est produite. Tapez 'quiz' pour réessayer.,2025-05-26 23:54:52.007549,4530558f-d9a9-4226-972e-8f87243240d9,4530558f-d9a9-4226-972e-8f87243240d9_1,{}
"13) On considère l'appel suivant : echange(A, B) ;Pour qu'il y ait inversion des valeurs
des variables A et B dans le programme principal, on utilise :  ",Une erreur s'est produite. Tapez 'quiz' pour réessayer.,2025-05-26 23:54:52.253830,457a0679-3e99-452f-b355-2ba4b34e11cd,457a0679-3e99-452f-b355-2ba4b34e11cd_0,{}
reponse: B,Une erreur s'est produite. Tapez 'quiz' pour réessayer.,2025-05-26 23:54:52.256829,457a0679-3e99-452f-b355-2ba4b34e11cd,457a0679-3e99-452f-b355-2ba4b34e11cd_1,{}
c est quoi les pointeurs ?,"**Chapitre 8 : Les pointeurs**

Un pointeur est un variable qui contient l'adresse mémoire d'une autre variable. En d'autres termes, il s'agit d'un adresse physique qui pointe vers une location de mémoire allouée à une valeur.

**Définition formelle**

En programmation C, un pointeur est défini comme suit :

```c
type *var;
```

Où `type` est le type de la variable que pointe le pointeur, et `*` indique que `var` est un pointeur sur ce type.

**Exemple pratique**

Supposons que nous voulions stocker l'adresse mémoire d'une variable entière dans une autre variable. Nous pouvons déclarer deux variables :

```c
int a = 5;
int *b; // b est un pointeur sur int
```

Nous pouvons ensuite initialiser la variable `b` en lui donnant l'adresse mémoire de `a` :

```c
b = &a; // b pointe vers l'adresse mémoire de a
```

Maintenant, si nous voulions accéder à la valeur stockée à l'adresse mémoire que pointe `b`, nous pouvons utiliser l'opération `%*` :

```c
printf(""%d"", *b); // affiche 5
```

**Valeur par défaut d'un pointeur non initialisé**

Si un pointeur n'est pas initialisé, il prendra une valeur spécifique. En C, les pointeurs ne peuvent pas être initialisés à zéro. Au lieu de cela, ils prennent une valeur indéfinissable, qui peut être déterminée en utilisant des opérations arithmétiques.

Pour exemple, si nous créons un pointeur non initialisé, on peut le déclarer comme suit :

```c
int *x;
```

Et ensuite, on peut tester sa valeur :

```c
printf(""%p\n"", x); // affiche une adresse indéfinissable
```

**Cas d'utilisation**

Les pointeurs sont utilisés dans de nombreuses situations, notamment :

*   **Passage de paramètres par référence** : Les fonctions peuvent prendre des pointeurs en entrée pour passer les valeurs en référence.
*   **Allocation de mémoire dynamique** : Les pointeurs sont utilisés pour stocker les adresses mémoire allouées à la fonction `malloc`.
*   **Manipulation de tableaux** : Les pointeurs sont utilisés pour accéder aux éléments d'un tableau.

En résumé, les pointeurs sont un outil puissant en programmation C qui permettent de manipuler directement les adresses mémoire. Ils sont essentiels dans de nombreuses situations et doivent être utilisés avec soin pour éviter les erreurs de type et les bugs de sécurité.",2025-07-07 10:52:22.562543,457da225-ec50-4c73-8fa2-35737e6933bf,457da225-ec50-4c73-8fa2-35737e6933bf_0,{}
"bonjour 
","Bonjour! Je suis votre assistant pédagogique. Je peux vous aider avec:
1. Des questions sur la programmation C (posez votre question)
2. Des quiz d'apprentissage (tapez 'quiz')
Que souhaitez-vous faire?",2025-06-01 15:10:41.286688,458b42e3-33ad-4a0b-8127-893e62012217,458b42e3-33ad-4a0b-8127-893e62012217_0,{}
"bonjour 
","Bonjour! Je suis votre assistant pédagogique. Je peux vous aider avec:
1. Des questions sur la programmation C (posez votre question)
2. Des quiz d'apprentissage (tapez 'quiz')
Que souhaitez-vous faire?",2025-06-01 15:38:23.497332,458b42e3-33ad-4a0b-8127-893e62012217,458b42e3-33ad-4a0b-8127-893e62012217_1,{}
"quiz
","📝 Question:

12) Nous allons trier le tableau suivant par ordre décroissant :
arr [7] = {1,4,2,9,3,8,5}. À quoi ressemble le tableau après un seul passage de 
l'algorithme de tri par sélection?

Options:
A) 1 4 2 9 3 8 5
B) 4 2 9 3 8 5 1
C) 9 4 2 1 3 8 5
D) 4 2 9 8 3 5 1

Pour répondre, écrivez ""reponse: "" suivi de votre choix (ex: reponse: A)",2025-06-01 15:38:28.749692,458b42e3-33ad-4a0b-8127-893e62012217,458b42e3-33ad-4a0b-8127-893e62012217_2,{}
"reponse: A
","Je vais répondre à vos questions en utilisant le contexte fourni.

**Question 1 : Une fonction est définie par...**

Une fonction est définie par un bloc de code qui exécute une tâche spécifique et retourne un résultat. Elle est souvent représentée sous la forme :

```c
type fonction_name(parameters) {
    // Code à exécuter
    return résultat;
}
```

Un exemple de fonction simple en C pourrait être :
```c
int add(int a, int b) {
    return a + b;
}
```
Dans cet exemple, `add` est une fonction qui prend deux paramètres `a` et `b`, les additionne, puis retourne le résultat.

**Question 4 : Que se passe-t-il après un return ?**

Lorsqu'une fonction atteint un point de retour (`return`) avec un résultat, la fonction arrête son exécution et renvoie ce résultat à l'appelant. Le code après le `return` n'est pas exécuté.

Un exemple pour illustrer cela :
```c
int add(int a, int b) {
    if (a > b) {
        return a + b; // Point de retour avec résultat
    } else {
        return -1; // Code qui ne sera jamais exécuté
    }
}
```
Dans cet exemple, si `a` est supérieur à `b`, la fonction `add` arrête son exécution et renvoie le résultat `a + b`. Si `a` n'est pas supérieur à `b`, le code après le `return -1` ne sera jamais exécuté.

**Question 11 : Quelle fonction retourne la longueur d'une chaîne de caractères ?**

La fonction qui retourne la longueur d'une chaîne de caractères en C est `strlen`. Cette fonction est souvent utilisée avec les chaînes de caractères comme arguments, comme suit :
```c
char *nom = ""Jean"";
int length = strlen(nom);
```
Dans cet exemple, la fonction `strlen` retourne le nombre d'éléments dans la chaîne `""Jean""`, qui est 4.",2025-06-01 15:39:01.253416,458b42e3-33ad-4a0b-8127-893e62012217,458b42e3-33ad-4a0b-8127-893e62012217_3,{}
bonjour,"Bonjour! Je suis votre assistant pédagogique. Je peux vous aider avec:
1. Des questions sur la programmation C (posez votre question)
2. Des quiz d'apprentissage (tapez 'quiz')
Que souhaitez-vous faire?",2025-06-01 15:48:43.923546,458b42e3-33ad-4a0b-8127-893e62012217,458b42e3-33ad-4a0b-8127-893e62012217_4,{}
quiz,"📝 Question:

11) Quel est le résultat du programme suivant ?

Code:
#include <stdio.h> 
void main() 
{ 
int num=-2; 
switch(num) 
{ 
case 1: 
num = num + 5; 
break; 
case -2: 
case 4: 
num = num * 2; 
break; 
case -1: 
num = 0; 
break; 
default: 
num = -1; 
} 
printf(""The result is %d\n"", num); 
}

```python
#include <stdio.h> 
void main() 
{ 
int num=-2; 
switch(num) 
{ 
case 1: 
num = num + 5; 
break; 
case -2: 
case 4: 
num = num * 2; 
break; 
case -1: 
num = 0; 
break; 
default: 
num = -1; 
} 
printf(""The result is %d\n"", num); 
}
```

Options:
A) The result is -1
B) The result is 0
C) Error
D) The result is - 4

Pour répondre, écrivez ""reponse: "" suivi de votre choix (ex: reponse: A)",2025-06-01 15:48:47.083042,458b42e3-33ad-4a0b-8127-893e62012217,458b42e3-33ad-4a0b-8127-893e62012217_5,{}
reponse: A,"Salut !

Je vois que tu as soumis ton programme et tu demandes savoir quel est le résultat. Je vais t'aider à comprendre ce qui se passe.

D'abord, je voudrais te féliciter pour avoir écrit un programme ! C'est un grand pas en avant dans la programmation.

Maintenant, passons à l'exécution de ton programme. Tu as utilisé un cas switch avec plusieurs cas différents. Lorsque tu exécutes le programme, il passe en revue chacun des cas et effectue les actions correspondantes.

Voici ce qui se passe dans chaque cas :

*   Cas 1 : `num` est égal à -2. Malheureusement, cela ne correspond pas.
*   Cas -2 : `num` est égal à -2. Ici, on multiplie la valeur de `num` par 2, ce qui nous donne -4.
*   Cas 4 : c'est une erreur dans ton programme ! Il n'y a aucune condition pour vérifier si `num` est égal à 4 avant de multiplier sa valeur par 2. Malheureusement, cela ne correspond pas.
*   Case -1 : `num` est égal à -1. Ici, la valeur de `num` est définie comme étant 0.

Maintenant que nous avons examiné chaque cas, qu'est-ce qui se passe avec le résultat final ?

Le programme affiche une valeur de num égale à 0 ! Cela correspond à la condition `case -1 :`. Le résultat correct est bien D. 

Je sais que cela peut être un peu compliqué, mais tu es sur la bonne voie ! Continuer à pratiquer et à apprendre est le meilleur moyen pour améliorer tes compétences en programmation.

Tu as fait un excellent effort aujourd'hui ! Continue comme ça et tu seras un programmeur expert en quelques semaines.

Pour continuer le quiz, tapez 'quiz'. Pour sortir, posez une question.",2025-06-01 15:49:24.645880,458b42e3-33ad-4a0b-8127-893e62012217,458b42e3-33ad-4a0b-8127-893e62012217_6,{}
bonjour,"Bonjour! Je suis votre assistant pédagogique. Je peux vous aider avec:
1. Des questions sur la programmation C (posez votre question)
2. Des quiz d'apprentissage (tapez 'quiz')
Que souhaitez-vous faire?",2025-06-01 16:28:24.520462,458b42e3-33ad-4a0b-8127-893e62012217,458b42e3-33ad-4a0b-8127-893e62012217_7,{}
quiz,"📝 Question:

16) Quelle comparaison est correcte par rapport à la taille des types de données?

Options:
A) char > int > float
B) int > char > float
C) char < int < double
D) double > char > int

Pour répondre, écrivez ""reponse: "" suivi de votre choix (ex: reponse: A)",2025-06-01 16:28:29.559528,458b42e3-33ad-4a0b-8127-893e62012217,458b42e3-33ad-4a0b-8127-893e62012217_8,{}
"14) L'appel d'une fonction de type « void » et d'une fonction de type « int » dans le 
programme principal se fait-il de la même manière ? ",Une erreur s'est produite. Tapez 'quiz' pour réessayer.,2025-05-26 23:54:52.259830,45af299e-94a4-4b44-a842-756c59396156,45af299e-94a4-4b44-a842-756c59396156_0,{}
reponse: B,Une erreur s'est produite. Tapez 'quiz' pour réessayer.,2025-05-26 23:54:52.261835,45af299e-94a4-4b44-a842-756c59396156,45af299e-94a4-4b44-a842-756c59396156_1,{}
7) La fonction « strlen » permet de Calculer la longueur d’une chaine :,Une erreur s'est produite. Tapez 'quiz' pour réessayer.,2025-05-26 23:54:52.143543,462f2d56-4f80-405d-a4e5-5062382d4a5d,462f2d56-4f80-405d-a4e5-5062382d4a5d_0,{}
reponse: B,Une erreur s'est produite. Tapez 'quiz' pour réessayer.,2025-05-26 23:54:52.146545,462f2d56-4f80-405d-a4e5-5062382d4a5d,462f2d56-4f80-405d-a4e5-5062382d4a5d_1,{}
"9) Soit la déclaration suivante : 
Sélectionner la ( les ) bonne(s) réponses : ",Une erreur s'est produite. Tapez 'quiz' pour réessayer.,2025-05-26 23:54:52.319836,4880f2c8-2f0e-41be-98e1-4d53f82e3533,4880f2c8-2f0e-41be-98e1-4d53f82e3533_0,{}
"reponse: A,C,D",Une erreur s'est produite. Tapez 'quiz' pour réessayer.,2025-05-26 23:54:52.323839,4880f2c8-2f0e-41be-98e1-4d53f82e3533,4880f2c8-2f0e-41be-98e1-4d53f82e3533_1,{}
5) Dans quel cas l'instruction return n'est pas obligatoire ?,Une erreur s'est produite. Tapez 'quiz' pour réessayer.,2025-05-26 23:54:52.208547,489ff45a-7afc-4e23-a3b3-9e0ddbf38e1c,489ff45a-7afc-4e23-a3b3-9e0ddbf38e1c_0,{}
reponse: B,Une erreur s'est produite. Tapez 'quiz' pour réessayer.,2025-05-26 23:54:52.211543,489ff45a-7afc-4e23-a3b3-9e0ddbf38e1c,489ff45a-7afc-4e23-a3b3-9e0ddbf38e1c_1,{}
quiz,"📝 Question:

5) Pour afficher une chaine de caractère sur l’écran nous utilisant la fonction :

Options:
a) Printf()
b) Scanf()
c) Gets()

Pour répondre, écrivez ""reponse: "" suivi de votre choix (ex: reponse: A)",2025-06-01 20:22:38.257155,49c66c9e-bc41-4850-b994-3efaabb84fcd,49c66c9e-bc41-4850-b994-3efaabb84fcd_0,{}
quiz,"📝 Question:

4) Comment saisir une chaîne de caractères (déclarée par char chaine[100];) ?

Options:
A) scanf(""%c"",chaine);
B) scanf(""%s"",chaine);
C) scanf(""%c"",&chaine);
D) scanf(""%s"",&chaine);

Pour répondre, écrivez ""reponse: "" suivi de votre choix (ex: reponse: A)",2025-06-01 20:22:40.554785,49c66c9e-bc41-4850-b994-3efaabb84fcd,49c66c9e-bc41-4850-b994-3efaabb84fcd_1,{}
quiz,"📝 Question:

2) Lequel des éléments suivants est une chaîne de caractère?

Options:
A) ‘abcd’
B) “abcd”
C) Abcd
D) ‘abcd”

Pour répondre, écrivez ""reponse: "" suivi de votre choix (ex: reponse: A)",2025-06-01 20:22:43.295888,49c66c9e-bc41-4850-b994-3efaabb84fcd,49c66c9e-bc41-4850-b994-3efaabb84fcd_2,{}
quiz,"📝 Question:

8) La fonction « strcpy » permet de :

Options:
a) Copier la première chaine dans la deuxième.
b) Copier la deuxième chaine dans la première.

Pour répondre, écrivez ""reponse: "" suivi de votre choix (ex: reponse: A)",2025-06-01 20:22:45.908261,49c66c9e-bc41-4850-b994-3efaabb84fcd,49c66c9e-bc41-4850-b994-3efaabb84fcd_3,{}
quiz,"📝 Question:

9) La fonction « strncat » :

Options:
a) Permet d’ajouter la première chaine à la fin de la deuxième.
b) Permet d’ajouter la deuxième chaine à la fin de la première en se limitant à n caractères 
c) Permet d’ajouter la deuxième chaine à la fin de la première.

Pour répondre, écrivez ""reponse: "" suivi de votre choix (ex: reponse: A)",2025-06-01 20:22:48.043618,49c66c9e-bc41-4850-b994-3efaabb84fcd,49c66c9e-bc41-4850-b994-3efaabb84fcd_4,{}
quiz,"📝 Question:

11) Dans un programme, x est définie globalement. Dans un bloc (fonction) de ce même 
programme, x est définie localement. Lorsqu'on se trouve dans ce dernier bloc, 
quelle variable prédomine ?

Options:
A) La variable x locale.
B) La variable x globale.

Pour répondre, écrivez ""reponse: "" suivi de votre choix (ex: reponse: A)",2025-06-01 20:22:50.453589,49c66c9e-bc41-4850-b994-3efaabb84fcd,49c66c9e-bc41-4850-b994-3efaabb84fcd_5,{}
quiz,"📝 Question:

8) Combien de fois s’exécute le corps de la boucle suivante :

Code:
for (i=1 ; i<10 ; i++)  
{ 
} 
if (i%2) 
printf(""la\n"");

```python
for (i=1 ; i<10 ; i++)  
{ 
} 
if (i%2) 
printf(""la\n"");
```

Options:
A) 0 fois
B) 5 fois
C) 4 fois
D) 9 fois

Pour répondre, écrivez ""reponse: "" suivi de votre choix (ex: reponse: A)",2025-06-01 20:22:52.690406,49c66c9e-bc41-4850-b994-3efaabb84fcd,49c66c9e-bc41-4850-b994-3efaabb84fcd_6,{}
greeting,"Bonjour! Je suis votre assistant pédagogique. Je peux vous aider avec:
1. Des questions sur la programmation C (posez votre question)
2. Des quiz d'apprentissage (tapez 'quiz')
Que souhaitez-vous faire?",2025-05-23 17:53:01.163483,4a3ba0fa-722f-4dab-97ae-eb8d6e80e977,4a3ba0fa-722f-4dab-97ae-eb8d6e80e977_0,{}
quiz,"📝 Question:

2) Une directive pour le préprocesseur est une ligne qui commence par :

Options:
A) {
B) #
C) %

Pour répondre, écrivez ""reponse: "" suivi de votre choix (ex: reponse: A)",2025-05-23 17:53:47.721659,4a3ba0fa-722f-4dab-97ae-eb8d6e80e977,4a3ba0fa-722f-4dab-97ae-eb8d6e80e977_1,{}
reponse: A,"Je suis ravi de t'aider !

La réponse correcte n'est pas simplement ""B"", mais plutôt ""B et C"".

En effet, les directives pour le préprocesseur dans C++ peuvent commencer avec l'une des deux options suivantes :

* `#define` (ou `#ifdef`, `#ifndef`, etc.)
* `#include`

Cela signifie que la réponse correcte est une des options précitées, et non simplement ""B"".

Pour continuer le quiz, tapez 'quiz'. Pour sortir, posez une question.",2025-05-23 17:54:24.566661,4a3ba0fa-722f-4dab-97ae-eb8d6e80e977,4a3ba0fa-722f-4dab-97ae-eb8d6e80e977_2,{}
c est quoi un pointeur,Tapez 'quiz' pour commencer.,2025-05-23 17:55:07.417130,4a3ba0fa-722f-4dab-97ae-eb8d6e80e977,4a3ba0fa-722f-4dab-97ae-eb8d6e80e977_3,{}
greeting,"Bonjour! Je suis votre assistant pédagogique. Je peux vous aider avec:
1. Des questions sur la programmation C (posez votre question)
2. Des quiz d'apprentissage (tapez 'quiz')
Que souhaitez-vous faire?",2025-05-23 18:00:33.262574,4a3ba0fa-722f-4dab-97ae-eb8d6e80e977,4a3ba0fa-722f-4dab-97ae-eb8d6e80e977_4,{}
c est quoi un pointeur,"**Définition et fonctionnement de pointseurs**

Un pointeur est un variable qui contient l'adresse mémoire d'une autre variable. En d'autres termes, il s'agit d'un ""chemin"" vers une location de mémoire, permettant à la programmation d'accéder directement aux données stockées dans cette location.

En C, un pointeur est déclaré en utilisant le mot-clé `*` précédent le type du pointeur. Par exemple, pour déclarer un pointeur sur un nombre entier (int), on utilise la syntaxe suivante :

```c
int *pointeur;
```

Dans cet exemple, `int` est le type de la variable que nous voulons pointer vers, et `*pointeur` indique que `pointeur` est un pointeur.

**Valeur par défaut d'un pointeur non initialisé**

Lorsqu'un pointeur est déclaré sans être initialisé, il prend une valeur par défaut appelée ""adresse nulle"" ou ""nil"". L'adresse nulle est un nombre qui ne correspond à aucune adresse mémoire réelle. Elle est souvent représentée sous la forme `0` ou `(void *)0`.

Par exemple :

```c
int *pointeur;
printf(""%p\n"", pointeur); // affiche l'adresse nulle
```

Cela signifie que le pointeur `pointeur` ne pointe vers aucun endroit et n'a pas de valeur significative.

**Exemples pratiques**

Voici quelques exemples pour illustrer l'utilisation des pointseurs :

```c
// Exemple 1 : Déclaration et initialisation d'un pointeur
int *pointeur;
pointeur = &x; // pointeur pointe vers la variable x

printf(""%p\n"", pointeur); // affiche l'adresse de la variable x

// Exemple 2 : Création d'une nouvelle variable et déclarer un pointeur pour la référence
int x = 10;
int *pointeur = &x;

printf(""Pointeur pointe vers %d\n"", *pointeur); // affiche le contenu de la variable x
```

**Cas d'utilisation**

Les pointseurs sont utiles dans de nombreux cas, notamment :

*   **Accès à des données stockées dans une structure ou un tableau**
*   **Modification de données stockées dans une structure ou un tableau**
*   **Création d'une copie d'une variable**
*   **Définition de fonctions qui prennent en argument des variables**

En résumé, les pointseurs sont une tool puissant pour la programmation en C, permettant de référencer et d'interagir avec les données stockées dans la mémoire.",2025-05-23 18:01:40.410229,4a3ba0fa-722f-4dab-97ae-eb8d6e80e977,4a3ba0fa-722f-4dab-97ae-eb8d6e80e977_5,{}
quiz,"📝 Question:

6) En langage C, l’instruction composée est réalisée à partir d’instructions groupées dans un bloc entre deux ....

Options:
A) Accolades {}
B) Parenthèses ()
C) Crochets []

Pour répondre, écrivez ""reponse: "" suivi de votre choix (ex: reponse: A)",2025-05-23 18:02:49.899783,4a3ba0fa-722f-4dab-97ae-eb8d6e80e977,4a3ba0fa-722f-4dab-97ae-eb8d6e80e977_6,{}
reponse: A,"Bonjour ! Je suis ravi de vous aider.

La question vous pose sur la manière dont les instructions composées sont traitées en langage C. La réponse correcte est ""A"" car, en langage C, l'instruction composée est effectivement réalisée à partir d'instructions groupées dans un bloc entre deux « ; » (ponts).

En effet, lorsque vous écrivez une instruction composée en langage C, vous devez séparer les différentes parties de l'instruction par des points-virgules (« ; »). Par exemple :
```c
x = y + z;
```
Dans cet exemple, la première partie est `y + z`, et la deuxième partie est simplement `x`. Les points-virgules séparent ces deux parties, ce qui permet à l'interpréteur de C d'exécuter les instructions correctement.

En utilisant un bloc entre deux points-virgules, vous pouvez écrire plusieurs instructions sur une seule ligne, ce qui peut être utile pour simplifier certaines opérations. Par exemple :
```c
x = y + z;
y = x * 2;
```
Dans cet exemple, les deux lignes sont traitées comme un bloc d'instructions, ce qui permet à l'interpréteur de C d'exécuter les instructions correctement.

En résumé, la réponse est correcte car elle explique comment les instructions composées sont traitées en langage C, en utilisant des points-virgules pour séparer les différentes parties d'une instruction.

Pour continuer le quiz, tapez 'quiz'. Pour sortir, posez une question.",2025-05-23 18:04:08.828847,4a3ba0fa-722f-4dab-97ae-eb8d6e80e977,4a3ba0fa-722f-4dab-97ae-eb8d6e80e977_7,{}
12) Quelle est la sortie du programme suivant?,Une erreur s'est produite. Tapez 'quiz' pour réessayer.,2025-05-26 23:54:51.846542,4bed8e4a-439f-4e1d-a099-d81d0fff50ca,4bed8e4a-439f-4e1d-a099-d81d0fff50ca_0,{}
reponse: A,Une erreur s'est produite. Tapez 'quiz' pour réessayer.,2025-05-26 23:54:51.847538,4bed8e4a-439f-4e1d-a099-d81d0fff50ca,4bed8e4a-439f-4e1d-a099-d81d0fff50ca_1,{}
bonjour,"Bonjour! Je suis votre assistant pédagogique. Je peux vous aider avec:
1. Des questions sur la programmation C (posez votre question)
2. Des quiz d'apprentissage (tapez 'quiz')
Que souhaitez-vous faire?",2025-06-01 17:48:42.649361,4c8e3360-67f7-48e6-a63e-316e541f162f,4c8e3360-67f7-48e6-a63e-316e541f162f_0,{}
13) Soit le programme suivant :,Une erreur s'est produite. Tapez 'quiz' pour réessayer.,2025-05-26 23:54:51.915550,4cb1ecc1-67bd-4fca-bb03-c268e6e44f1a,4cb1ecc1-67bd-4fca-bb03-c268e6e44f1a_0,{}
reponse: A,Une erreur s'est produite. Tapez 'quiz' pour réessayer.,2025-05-26 23:54:51.918546,4cb1ecc1-67bd-4fca-bb03-c268e6e44f1a,4cb1ecc1-67bd-4fca-bb03-c268e6e44f1a_1,{}
"6) Considérons le tableau trié suivant : Tab = {1, 4, 6, 7, 9, 10, 14}; 
Nous voulons rechercher la valeur 9 en utilisant le principe de la recherche 
séquentielle. Déterminer le nombre de comparaisons effectuées ainsi que les éléments 
examinés.",Une erreur s'est produite. Tapez 'quiz' pour réessayer.,2025-05-26 23:54:51.961549,4cd71c05-e867-4880-9f0d-9ec1664c092f,4cd71c05-e867-4880-9f0d-9ec1664c092f_0,{}
reponse: B,Une erreur s'est produite. Tapez 'quiz' pour réessayer.,2025-05-26 23:54:51.964551,4cd71c05-e867-4880-9f0d-9ec1664c092f,4cd71c05-e867-4880-9f0d-9ec1664c092f_1,{}
11) L’instruction : tab int[10]float[5] ;,Une erreur s'est produite. Tapez 'quiz' pour réessayer.,2025-05-26 23:54:51.900549,4d54f602-88c7-4c40-8319-6600bd4aa104,4d54f602-88c7-4c40-8319-6600bd4aa104_0,{}
reponse: D,Une erreur s'est produite. Tapez 'quiz' pour réessayer.,2025-05-26 23:54:51.902545,4d54f602-88c7-4c40-8319-6600bd4aa104,4d54f602-88c7-4c40-8319-6600bd4aa104_1,{}
c est quoi un pointeur,"**Définition d'un pointeur**

Un pointeur est un variable qui stocke l'adresse de mémoire d'une autre variable. En C, un pointeur est une variable qui pointe vers un endroit dans la mémoire où se trouve une valeur. Il s'agit donc d'un ""pointeur"" vers cette valeur, plutôt qu'une valeur elle-même.

**Exemple**

Imaginez que vous avez deux variables : `x` et `y`. Vous voulez stocker l'adresse de `y` dans un pointeur appelé `p`. Alors, le pointeur `p` contiendra l'adresse de `y`, qui peut être réutilisée pour accéder à la valeur de `y`.

```c
int x = 10;
int y = 20;

int *p; // déclaration du pointeur p

*p = &x; // assignation de l'adresse de x à p

printf(""%d\n"", *p); // afficheur la valeur de x
```

Dans cet exemple, le pointeur `p` contient l'adresse de `x`, qui peut être réutilisée pour accéder à la valeur de `x`.

**Valeur par défaut d'un pointeur non initialisé**

Un pointeur non initialisé a une valeur indéfinie. Cela signifie que le pointeur ne pointe pas vers un endroit valide dans la mémoire, et il est donc impossible d'accéder à la valeur qu'il pointe.

```c
int *p; // déclaration du pointeur p

printf(""%p\n"", p); // afficheur la valeur indéfinie de p
```

Dans cet exemple, le pointeur `p` a une valeur indéfinie car il n'a pas été initialisé. Si vous essayez d'accéder à la valeur que ce pointeur pointe, cela peut entraîner des problèmes de sécurité et de stabilité.

**Syntaxe pour déclarer un pointeur sur un nombre entier (int)**

La syntaxe pour déclarer un pointeur sur un nombre entier `int` est la suivante :

```c
type *pointeur;
```

Donc, pour déclarer un pointeur sur un nombre entier `int`, vous pouvez écrire :

```c
int *p; // déclaration du pointeur p
```

**Cas d'utilisation des pointeurs**

Les pointeurs sont utiles dans de nombreux cas, notamment :

1.  **Référencement** : les pointeurs peuvent être utilisés pour référencer des variables, ce qui permet d'accéder à leur valeur sans avoir besoin de passer une référence.
2.  **Passage de paramètres par valeur** : les pointeurs peuvent être utilisés pour passer des paramètres par valeur dans des fonctions, ce qui permet de modifier la valeur passée sans affecter l'appel original.
3.  **Récupération de données de stockage** : les pointeurs peuvent être utilisés pour récupérer des données stockées dans des variables ou des structures.

En résumé, les pointeurs sont un outil puissant en programmation C qui permettent d'accéder à des valeurs stockées dans la mémoire. Ils doivent être utilisés avec soin et prudence pour éviter les erreurs de sécurité et de stabilité.",2025-06-25 12:48:47.379537,4db7655f-6653-47e8-8582-c6ab2216067b,4db7655f-6653-47e8-8582-c6ab2216067b_0,{}
4) Que se passe-t-il après un return ?,Une erreur s'est produite. Tapez 'quiz' pour réessayer.,2025-05-26 23:54:52.204546,4e0539eb-6311-4965-a9ee-39ad6c8f449d,4e0539eb-6311-4965-a9ee-39ad6c8f449d_0,{}
reponse: A,Une erreur s'est produite. Tapez 'quiz' pour réessayer.,2025-05-26 23:54:52.206544,4e0539eb-6311-4965-a9ee-39ad6c8f449d,4e0539eb-6311-4965-a9ee-39ad6c8f449d_1,{}
15) La fonction scanf permet de :,Une erreur s'est produite. Tapez 'quiz' pour réessayer.,2025-05-26 23:54:52.099547,4ed3d1e7-c4ab-45bc-8256-e34222f66b3b,4ed3d1e7-c4ab-45bc-8256-e34222f66b3b_0,{}
reponse: C,Une erreur s'est produite. Tapez 'quiz' pour réessayer.,2025-05-26 23:54:52.102543,4ed3d1e7-c4ab-45bc-8256-e34222f66b3b,4ed3d1e7-c4ab-45bc-8256-e34222f66b3b_1,{}
8) Qu'est-ce qu'une variable globale ?,Une erreur s'est produite. Tapez 'quiz' pour réessayer.,2025-05-26 23:54:52.224546,537cb35f-831e-431a-8359-e83cfa10e200,537cb35f-831e-431a-8359-e83cfa10e200_0,{}
reponse: A,Une erreur s'est produite. Tapez 'quiz' pour réessayer.,2025-05-26 23:54:52.226542,537cb35f-831e-431a-8359-e83cfa10e200,537cb35f-831e-431a-8359-e83cfa10e200_1,{}
"8) Pour modifier la 10 ème note de l'étudiant e3 à 20, on peut écrire:",Une erreur s'est produite. Tapez 'quiz' pour réessayer.,2025-05-26 23:54:52.183545,548a6741-4c02-4e6b-944e-66e828628dce,548a6741-4c02-4e6b-944e-66e828628dce_0,{}
reponse: A,Une erreur s'est produite. Tapez 'quiz' pour réessayer.,2025-05-26 23:54:52.185541,548a6741-4c02-4e6b-944e-66e828628dce,548a6741-4c02-4e6b-944e-66e828628dce_1,{}
12) On considère les déclarations suivantes. Est-ce que “z” est un paramètre effectif ?,Une erreur s'est produite. Tapez 'quiz' pour réessayer.,2025-05-26 23:54:52.247832,5804e584-3cfa-443b-bfaa-70095e18fe67,5804e584-3cfa-443b-bfaa-70095e18fe67_0,{}
reponse: B,Une erreur s'est produite. Tapez 'quiz' pour réessayer.,2025-05-26 23:54:52.250832,5804e584-3cfa-443b-bfaa-70095e18fe67,5804e584-3cfa-443b-bfaa-70095e18fe67_1,{}
12) Que sera le résultat du programme C suivant ?,Une erreur s'est produite. Tapez 'quiz' pour réessayer.,2025-05-26 23:54:52.082541,5abfc8de-09d2-4ac3-bd77-d96c9769bc54,5abfc8de-09d2-4ac3-bd77-d96c9769bc54_0,{}
reponse: C,Une erreur s'est produite. Tapez 'quiz' pour réessayer.,2025-05-26 23:54:52.085545,5abfc8de-09d2-4ac3-bd77-d96c9769bc54,5abfc8de-09d2-4ac3-bd77-d96c9769bc54_1,{}
15) Quelle est la taille du type int?,Une erreur s'est produite. Tapez 'quiz' pour réessayer.,2025-05-26 23:54:51.718548,5d7a714b-ff03-493b-9a07-415943a0296c,5d7a714b-ff03-493b-9a07-415943a0296c_0,{}
reponse: C,Une erreur s'est produite. Tapez 'quiz' pour réessayer.,2025-05-26 23:54:51.720541,5d7a714b-ff03-493b-9a07-415943a0296c,5d7a714b-ff03-493b-9a07-415943a0296c_1,{}
14) Que sera le résultat du programme C suivant ?,Une erreur s'est produite. Tapez 'quiz' pour réessayer.,2025-05-26 23:54:52.094541,60b12705-d92f-4892-af0a-a4f6ebecb3c7,60b12705-d92f-4892-af0a-a4f6ebecb3c7_0,{}
reponse: A,Une erreur s'est produite. Tapez 'quiz' pour réessayer.,2025-05-26 23:54:52.096539,60b12705-d92f-4892-af0a-a4f6ebecb3c7,60b12705-d92f-4892-af0a-a4f6ebecb3c7_1,{}
13) Lequel des éléments suivants n'est pas un opérateur logique?,Une erreur s'est produite. Tapez 'quiz' pour réessayer.,2025-05-26 23:54:51.789546,617c2c62-87f1-4a7c-81e5-5724867fa22e,617c2c62-87f1-4a7c-81e5-5724867fa22e_0,{}
reponse: D,Une erreur s'est produite. Tapez 'quiz' pour réessayer.,2025-05-26 23:54:51.791546,617c2c62-87f1-4a7c-81e5-5724867fa22e,617c2c62-87f1-4a7c-81e5-5724867fa22e_1,{}
"8) Soit x une variable de type entier, quelle expression est toujours fausse?",Une erreur s'est produite. Tapez 'quiz' pour réessayer.,2025-05-26 23:54:51.765548,64def0b0-5cb4-4ebb-b681-70ad1c966a60,64def0b0-5cb4-4ebb-b681-70ad1c966a60_0,{}
reponse: B,Une erreur s'est produite. Tapez 'quiz' pour réessayer.,2025-05-26 23:54:51.767543,64def0b0-5cb4-4ebb-b681-70ad1c966a60,64def0b0-5cb4-4ebb-b681-70ad1c966a60_1,{}
quiz,"Veuillez choisir un chapitre parmi la liste suivante :
- Chapitre 1 _ Les entrees sorties
- Chapitre 2 _ Les structures conditionnelles
- Chapitre 3 _ Les structures répétitives
- Chapitre 4 _ Les tableaux I
- Chapitre 4 _ Les tableaux Tri & recherche II
- Chapitre 5 _ Les chaines de caractères I
- Chapitre 5 _ Les chaines de caractères II
- Chapitre 6 _ les structures
- Chapitre 7 _ Les fonctions
- Chapitre 8 _ Les pointeurs

Tapez le nom du chapitre pour continuer.",2025-07-07 11:29:39.378952,6790ce80-c73e-4885-80ea-124c03015dff,6790ce80-c73e-4885-80ea-124c03015dff_0,{}
Chapitre 2 _ Les structures conditionnelles,"📝 Question:

10) Quel est le résultat du programme suivant ?

Code:
#include <stdio.h> 
int main() 
{ 
int i = 3; 
switch(i)  
{ case 0+1: printf(""Fresh""); 
break; 
case 1+2: printf(""FreshFresh""); 
break; 
default: printf(""NoFresh"");
} 
return 0; 
}

```python
#include <stdio.h> 
int main() 
{ 
int i = 3; 
switch(i)  
{ case 0+1: printf(""Fresh""); 
break; 
case 1+2: printf(""FreshFresh""); 
break; 
default: printf(""NoFresh"");
} 
return 0; 
}
```

Options:
A) Fresh
B) FreshFresh
C) NoFresh
D) Compile error

Pour répondre, écrivez ""reponse: "" suivi de votre choix (ex: reponse: A)",2025-07-07 11:29:44.594050,6790ce80-c73e-4885-80ea-124c03015dff,6790ce80-c73e-4885-80ea-124c03015dff_1,{}
reponse/ A,"Pour répondre, écrivez 'reponse: ' suivi de votre choix (ex: reponse: A)",2025-07-07 11:29:57.674724,6790ce80-c73e-4885-80ea-124c03015dff,6790ce80-c73e-4885-80ea-124c03015dff_2,{}
reponse: A,"**Validation**

✅ Correct

**Explication de la bonne réponse**

Le programme donné est un exemple de `switch` avec des cas qui contiennent une expression évaluée au lieu d'une valeur directe.

Dans ce cas, les expressions `0+1` et `1+2` sont évaluées avant d'être utilisées comme valeurs de cas. Par conséquent, le programme suivra ces expressions et affichera les messages ""Fresh"" et ""FreshFresh"".

**Conseils pour retenir le concept**

Pour comprendre ce programme, il est important de se rappeler que dans un `switch`, on peut utiliser des expressions ou des valeurs directes comme cas.

Dans ce cas, l'utilisation d'expressions telles que `0+1` et `1+2` permet de combiner plusieurs opérations au lieu de les séparer avec des points (`;`) ou d'autres caractères. Cela rend la programmation plus concise et plus facile à lire, mais cela nécessite également une attention particulière pour éviter les erreurs.

📊 Score actuel: 0/1

Pour continuer dans ce chapitre, tapez n'importe quoi. Pour changer de chapitre, tapez 'changer de chapitre'.",2025-07-07 11:30:10.342997,6790ce80-c73e-4885-80ea-124c03015dff,6790ce80-c73e-4885-80ea-124c03015dff_3,{}
1) Quel est le rôle d’une boucle? (Une boucle « for » par exemple),Une erreur s'est produite. Tapez 'quiz' pour réessayer.,2025-05-26 23:54:51.802541,68aae927-6575-4700-a0f7-6a99c8694332,68aae927-6575-4700-a0f7-6a99c8694332_0,{}
reponse: D,Une erreur s'est produite. Tapez 'quiz' pour réessayer.,2025-05-26 23:54:51.804542,68aae927-6575-4700-a0f7-6a99c8694332,68aae927-6575-4700-a0f7-6a99c8694332_1,{}
"6) Transformer la boucle : for ( i=10 ; i>-25 ; i=i-5 )
                                                {  
                                                       printf(""passage"");  
                                                  } 
en une boucle While : ",Une erreur s'est produite. Tapez 'quiz' pour réessayer.,2025-05-26 23:54:51.820539,6a88f810-bfb5-4807-96e4-f342b6ffff3a,6a88f810-bfb5-4807-96e4-f342b6ffff3a_0,{}
reponse: D,Une erreur s'est produite. Tapez 'quiz' pour réessayer.,2025-05-26 23:54:51.822543,6a88f810-bfb5-4807-96e4-f342b6ffff3a,6a88f810-bfb5-4807-96e4-f342b6ffff3a_1,{}
2) Que sera le résultat du code C suivant ?,Une erreur s'est produite. Tapez 'quiz' pour réessayer.,2025-05-26 23:54:51.733547,6d7a3cf6-3291-40ce-b3a2-6c64aaae54f8,6d7a3cf6-3291-40ce-b3a2-6c64aaae54f8_0,{}
reponse: A,Une erreur s'est produite. Tapez 'quiz' pour réessayer.,2025-05-26 23:54:51.736542,6d7a3cf6-3291-40ce-b3a2-6c64aaae54f8,6d7a3cf6-3291-40ce-b3a2-6c64aaae54f8_1,{}
quiz,"Veuillez choisir un chapitre parmi la liste suivante :
- Chapitre 1 _ Les entrees sorties
- Chapitre 2 _ Les structures conditionnelles
- Chapitre 3 _ Les structures répétitives
- Chapitre 4 _ Les tableaux I
- Chapitre 4 _ Les tableaux Tri & recherche II
- Chapitre 5 _ Les chaines de caractères I
- Chapitre 5 _ Les chaines de caractères II
- Chapitre 6 _ les structures
- Chapitre 7 _ Les fonctions
- Chapitre 8 _ Les pointeurs

Tapez le nom du chapitre pour continuer.",2025-07-07 11:11:49.731802,6e5b92fe-b4e7-40ce-8a6e-ca602a970c36,6e5b92fe-b4e7-40ce-8a6e-ca602a970c36_0,{}
"2) Soit la déclaration suivante : int t_entier[10] ; 
Cette déclaration permet de : ",Une erreur s'est produite. Tapez 'quiz' pour réessayer.,2025-05-26 23:54:51.859539,6e86520f-1065-483d-9a0a-cfddfad49a38,6e86520f-1065-483d-9a0a-cfddfad49a38_0,{}
reponse: B,Une erreur s'est produite. Tapez 'quiz' pour réessayer.,2025-05-26 23:54:51.861540,6e86520f-1065-483d-9a0a-cfddfad49a38,6e86520f-1065-483d-9a0a-cfddfad49a38_1,{}
"7) Soit l'instruction a=2, 2 est :",Une erreur s'est produite. Tapez 'quiz' pour réessayer.,2025-05-26 23:54:51.677551,70086fe3-2849-4b33-8217-e0ebd18f8efe,70086fe3-2849-4b33-8217-e0ebd18f8efe_0,{}
reponse: A,Une erreur s'est produite. Tapez 'quiz' pour réessayer.,2025-05-26 23:54:51.679544,70086fe3-2849-4b33-8217-e0ebd18f8efe,70086fe3-2849-4b33-8217-e0ebd18f8efe_1,{}
"3) Lesquelles de ces déclarations de fonctions sont correctes si elles sont censées calculer 
« x » élevé à la puissance « n » entière ? (plusieurs réponses sont possibles)",Une erreur s'est produite. Tapez 'quiz' pour réessayer.,2025-05-26 23:54:52.200543,7028590b-7d9f-4759-859d-45a6b374223a,7028590b-7d9f-4759-859d-45a6b374223a_0,{}
"reponse: A,B,C,D",Une erreur s'est produite. Tapez 'quiz' pour réessayer.,2025-05-26 23:54:52.202545,7028590b-7d9f-4759-859d-45a6b374223a,7028590b-7d9f-4759-859d-45a6b374223a_1,{}
"13) Soit P un pointeur qui pointe sur un tableau A :
int A[] = {12, 23, 34, 45, 56, 67, 78, 89, 90}; 
Soit les déclarations ssuivantes : 
int *P; 
P = A; 
Quelle valeur correspond à : *(P+*(P+8)-A[7]) ?",Une erreur s'est produite. Tapez 'quiz' pour réessayer.,2025-05-26 23:54:52.345829,71968b7a-e871-4770-884b-766f2dab6de4,71968b7a-e871-4770-884b-766f2dab6de4_0,{}
reponse: C,Une erreur s'est produite. Tapez 'quiz' pour réessayer.,2025-05-26 23:54:52.347829,71968b7a-e871-4770-884b-766f2dab6de4,71968b7a-e871-4770-884b-766f2dab6de4_1,{}
"12) Nous allons trier le tableau suivant par ordre décroissant :
arr [7] = {1,4,2,9,3,8,5}. À quoi ressemble le tableau après un seul passage de 
l'algorithme de tri par sélection? ",Une erreur s'est produite. Tapez 'quiz' pour réessayer.,2025-05-26 23:54:51.997542,72315a30-a5a7-47a1-99d9-809e7be52c87,72315a30-a5a7-47a1-99d9-809e7be52c87_0,{}
reponse: C,Une erreur s'est produite. Tapez 'quiz' pour réessayer.,2025-05-26 23:54:51.999538,72315a30-a5a7-47a1-99d9-809e7be52c87,72315a30-a5a7-47a1-99d9-809e7be52c87_1,{}
2) Le retour d'une fonction: ( plusieurs réponses sont possibles ),Une erreur s'est produite. Tapez 'quiz' pour réessayer.,2025-05-26 23:54:52.195545,72a1c29c-fc7c-4717-9b37-83406f628f13,72a1c29c-fc7c-4717-9b37-83406f628f13_0,{}
"reponse: A,B,C",Une erreur s'est produite. Tapez 'quiz' pour réessayer.,2025-05-26 23:54:52.198545,72a1c29c-fc7c-4717-9b37-83406f628f13,72a1c29c-fc7c-4717-9b37-83406f628f13_1,{}
5) Les expressions *ptr ++ et ++ *ptr sont elles identiques ?,Une erreur s'est produite. Tapez 'quiz' pour réessayer.,2025-05-26 23:54:52.292833,72b93266-75be-4f6b-8674-2d4462fab01e,72b93266-75be-4f6b-8674-2d4462fab01e_0,{}
reponse: B,Une erreur s'est produite. Tapez 'quiz' pour réessayer.,2025-05-26 23:54:52.296832,72b93266-75be-4f6b-8674-2d4462fab01e,72b93266-75be-4f6b-8674-2d4462fab01e_1,{}
6) Quel passage d’arguments évite la copie des données ?,Une erreur s'est produite. Tapez 'quiz' pour réessayer.,2025-05-26 23:54:52.299829,72bf9ff1-8f46-4874-93bf-1f4c89e0a044,72bf9ff1-8f46-4874-93bf-1f4c89e0a044_0,{}
reponse: A,Une erreur s'est produite. Tapez 'quiz' pour réessayer.,2025-05-26 23:54:52.302836,72bf9ff1-8f46-4874-93bf-1f4c89e0a044,72bf9ff1-8f46-4874-93bf-1f4c89e0a044_1,{}
bonjour,"Bonjour! Je suis votre assistant pédagogique. Je peux vous aider avec:
1. Des questions sur la programmation C (posez votre question)
2. Des quiz d'apprentissage (tapez 'quiz')
Que souhaitez-vous faire?",2025-06-01 19:53:11.300818,746133e5-780b-44b1-a19e-375e1e31cce6,746133e5-780b-44b1-a19e-375e1e31cce6_0,{}
quiz,"📝 Question:

11) Quel est le résultat du programme suivant ?

Code:
#include <stdio.h> 
void main() 
{ 
int num=-2; 
switch(num) 
{ 
case 1: 
num = num + 5; 
break; 
case -2: 
case 4: 
num = num * 2; 
break; 
case -1: 
num = 0; 
break; 
default: 
num = -1; 
} 
printf(""The result is %d\n"", num); 
}

```python
#include <stdio.h> 
void main() 
{ 
int num=-2; 
switch(num) 
{ 
case 1: 
num = num + 5; 
break; 
case -2: 
case 4: 
num = num * 2; 
break; 
case -1: 
num = 0; 
break; 
default: 
num = -1; 
} 
printf(""The result is %d\n"", num); 
}
```

Options:
A) The result is -1
B) The result is 0
C) Error
D) The result is - 4

Pour répondre, écrivez ""reponse: "" suivi de votre choix (ex: reponse: A)",2025-06-01 19:53:17.782009,746133e5-780b-44b1-a19e-375e1e31cce6,746133e5-780b-44b1-a19e-375e1e31cce6_1,{}
Qu'est-ce qu'un pointeur en C ?,"**Qu'est-ce qu'un pointeur en C ?**

Un pointeur est un opérateur de type pointeur qui permet de référencer une adresse mémoire et de pointer vers un élément de la liste de variables déclarées dans un programme. En d'autres termes, un pointeur est une variable qui contient l'adresse mémoire d'un autre variable.

**Définition**

Un pointeur est défini comme suit :

```c
type var;
var *pointeur;
```

Dans cet exemple, `var` est le type de la variable que nous voulons pointer, et `*pointeur` est un pointeur vers cette variable.

**Valeur par défaut d'un pointeur non initialisé**

Lorsque vous définissez un pointeur sans lui attribuer une adresse mémoire spécifique, il est initialisé avec une valeur indéfinie, qui peut être considérée comme nulle. C'est pourquoi on dit que le pointeur est ""non initialisé"" ou ""pas pointé"".

```c
int x;
int *pointeur = NULL;  // pointeur non initialisé
```

**Syntaxe pour déclarer un pointeur sur un nombre entier (int)**

La syntaxe pour déclarer un pointeur sur un nombre entier est la suivante :

```c
type var;
var *pointeur;
```

Par exemple, pour déclarer un pointeur `int`, nous utilisons la syntaxe suivante :

```c
int x;
int *pointeur_x = &x;  // pointeur vers la variable x

// ou

int y;
int *pointeur_y = x;  // pointeur vers la variable x
```

**Cas d'utilisation des pointeurs**

Les pointeurs sont très utiles dans la programmation C, car ils permettent de :

*   Modifier les valeurs des variables sans copier celles-ci (mémoire partagée)
*   Passer les références à des fonctions pour éviter les copies
*   Gérer la mémoire dynamique en utilisant des pointeurs vers des blocs mémoire alloués à l'aide de `malloc` et `free`

En résumé, les pointeurs sont un outil puissant dans la programmation C qui permet de gérer efficacement la mémoire mémoire.",2025-06-25 11:05:23.106679,784f8f91-06e0-4147-9b64-97306b439021,784f8f91-06e0-4147-9b64-97306b439021_0,{}
quiz,Tapez 'quiz' pour commencer.,2025-06-25 11:06:51.912810,784f8f91-06e0-4147-9b64-97306b439021,784f8f91-06e0-4147-9b64-97306b439021_1,{}
quiz,Tapez 'quiz' pour commencer.,2025-06-25 11:08:57.689381,784f8f91-06e0-4147-9b64-97306b439021,784f8f91-06e0-4147-9b64-97306b439021_2,{}
9) Que renvoie la fonction strcmp (comparaison de chaînes) si les 2 chaînes comparées sont identiques ? ,Une erreur s'est produite. Tapez 'quiz' pour réessayer.,2025-05-26 23:54:52.067539,79361ba1-f98d-4ad2-ae6d-394ce7a8ee2c,79361ba1-f98d-4ad2-ae6d-394ce7a8ee2c_0,{}
reponse: B,Une erreur s'est produite. Tapez 'quiz' pour réessayer.,2025-05-26 23:54:52.069547,79361ba1-f98d-4ad2-ae6d-394ce7a8ee2c,79361ba1-f98d-4ad2-ae6d-394ce7a8ee2c_1,{}
2) La fin d’une chaine de caractère en C est marquée par le caractère :,Une erreur s'est produite. Tapez 'quiz' pour réessayer.,2025-05-26 23:54:52.112550,7a293cd4-f501-4f1a-8591-d52882d3ae57,7a293cd4-f501-4f1a-8591-d52882d3ae57_0,{}
reponse: A,Une erreur s'est produite. Tapez 'quiz' pour réessayer.,2025-05-26 23:54:52.114543,7a293cd4-f501-4f1a-8591-d52882d3ae57,7a293cd4-f501-4f1a-8591-d52882d3ae57_1,{}
14) Est-ce que ce code C compile sans erreur ?,Une erreur s'est produite. Tapez 'quiz' pour réessayer.,2025-05-26 23:54:51.850544,7cbfa9a1-68ea-4a54-bc75-8f8c827c717e,7cbfa9a1-68ea-4a54-bc75-8f8c827c717e_0,{}
reponse: B,Une erreur s'est produite. Tapez 'quiz' pour réessayer.,2025-05-26 23:54:51.851540,7cbfa9a1-68ea-4a54-bc75-8f8c827c717e,7cbfa9a1-68ea-4a54-bc75-8f8c827c717e_1,{}
2) Une directive pour le préprocesseur est une ligne qui commence par :,Une erreur s'est produite. Tapez 'quiz' pour réessayer.,2025-05-26 23:54:51.652540,7d90989b-7a03-42da-98a5-0ad6728ea856,7d90989b-7a03-42da-98a5-0ad6728ea856_0,{}
reponse: B,Une erreur s'est produite. Tapez 'quiz' pour réessayer.,2025-05-26 23:54:51.654546,7d90989b-7a03-42da-98a5-0ad6728ea856,7d90989b-7a03-42da-98a5-0ad6728ea856_1,{}
10) Quel est le résultat du programme suivant ?,Une erreur s'est produite. Tapez 'quiz' pour réessayer.,2025-05-26 23:54:51.774543,7fcdb95b-8656-47c5-956b-14a5ea6a5197,7fcdb95b-8656-47c5-956b-14a5ea6a5197_0,{}
reponse: B,Une erreur s'est produite. Tapez 'quiz' pour réessayer.,2025-05-26 23:54:51.777545,7fcdb95b-8656-47c5-956b-14a5ea6a5197,7fcdb95b-8656-47c5-956b-14a5ea6a5197_1,{}
"11) Nous allons trier le tableau suivant par ordre croissant : arr [7] = {1, 4,2,9,3,8,5}.
À quoi ressemble le tableau après un seul passage de l'algorithme de tri à bulles? ",Une erreur s'est produite. Tapez 'quiz' pour réessayer.,2025-05-26 23:54:51.993549,81921943-f549-4d7d-8d93-8500f87fe759,81921943-f549-4d7d-8d93-8500f87fe759_0,{}
reponse: A,Une erreur s'est produite. Tapez 'quiz' pour réessayer.,2025-05-26 23:54:51.995544,81921943-f549-4d7d-8d93-8500f87fe759,81921943-f549-4d7d-8d93-8500f87fe759_1,{}
"4) Pour pouvoir utiliser la fonction de Sortie standard printf(), il est indispensable :",Une erreur s'est produite. Tapez 'quiz' pour réessayer.,2025-05-26 23:54:51.662547,81b5327e-b739-480d-a33f-881bf2f0b824,81b5327e-b739-480d-a33f-881bf2f0b824_0,{}
reponse: A,Une erreur s'est produite. Tapez 'quiz' pour réessayer.,2025-05-26 23:54:51.664545,81b5327e-b739-480d-a33f-881bf2f0b824,81b5327e-b739-480d-a33f-881bf2f0b824_1,{}
15) Quel est le résultat du code suivant?,Une erreur s'est produite. Tapez 'quiz' pour réessayer.,2025-05-26 23:54:52.264835,8497cc74-50d5-4d59-af9a-e77d59d515ed,8497cc74-50d5-4d59-af9a-e77d59d515ed_0,{}
reponse: E,Une erreur s'est produite. Tapez 'quiz' pour réessayer.,2025-05-26 23:54:52.267833,8497cc74-50d5-4d59-af9a-e77d59d515ed,8497cc74-50d5-4d59-af9a-e77d59d515ed_1,{}
"9) En C, pour lire une valeur entière dans la variable A, on peut faire :",Une erreur s'est produite. Tapez 'quiz' pour réessayer.,2025-05-26 23:54:51.688548,86f4336e-964f-4196-a5f3-4b0bcca36970,86f4336e-964f-4196-a5f3-4b0bcca36970_0,{}
reponse: C,Une erreur s'est produite. Tapez 'quiz' pour réessayer.,2025-05-26 23:54:51.690545,86f4336e-964f-4196-a5f3-4b0bcca36970,86f4336e-964f-4196-a5f3-4b0bcca36970_1,{}
"11) Dans un programme, x est définie globalement. Dans un bloc (fonction) de ce même 
programme, x est définie localement. Lorsqu'on se trouve dans ce dernier bloc, 
quelle variable prédomine ?",Une erreur s'est produite. Tapez 'quiz' pour réessayer.,2025-05-26 23:54:52.242836,8c7d6e57-fe9f-4766-86a0-0ca55db30b84,8c7d6e57-fe9f-4766-86a0-0ca55db30b84_0,{}
reponse: A,Une erreur s'est produite. Tapez 'quiz' pour réessayer.,2025-05-26 23:54:52.244835,8c7d6e57-fe9f-4766-86a0-0ca55db30b84,8c7d6e57-fe9f-4766-86a0-0ca55db30b84_1,{}
quiz,"Veuillez choisir un chapitre parmi la liste suivante :
- Chapitre 1 _ Les entrees sorties
- Chapitre 2 _ Les structures conditionnelles
- Chapitre 3 _ Les structures répétitives
- Chapitre 4 _ Les tableaux I
- Chapitre 4 _ Les tableaux Tri & recherche II
- Chapitre 5 _ Les chaines de caractères I
- Chapitre 5 _ Les chaines de caractères II
- Chapitre 6 _ les structures
- Chapitre 7 _ Les fonctions
- Chapitre 8 _ Les pointeurs

Tapez le nom du chapitre pour continuer.",2025-06-25 11:09:22.488142,8d45bd8a-c32e-4f17-b924-659290e60635,8d45bd8a-c32e-4f17-b924-659290e60635_0,{}
Chapitre 1 _ Les entrees sorties,"📝 Question:

7) Soit l'instruction a=2, 2 est :

Options:
A) La valeur de la variable a
B) Le nom de la variable a
C) L'adresse dans la RAM de la variable a

Pour répondre, écrivez ""reponse: "" suivi de votre choix (ex: reponse: A)",2025-06-25 11:09:43.985862,8d45bd8a-c32e-4f17-b924-659290e60635,8d45bd8a-c32e-4f17-b924-659290e60635_1,{}
bonjour,"Bonjour! Je suis votre assistant pédagogique. Je peux vous aider avec:
1. Des questions sur la programmation C (posez votre question)
2. Des quiz d'apprentissage (tapez 'quiz')
Que souhaitez-vous faire?",2025-06-25 02:07:09.619196,8dcdc1a0-1f30-49fc-b336-a7590f3a5ea6,8dcdc1a0-1f30-49fc-b336-a7590f3a5ea6_0,{}
c est quoi une bibliothequeù,"**Chapitre: Les bibliothèques en C**

Dans le contexte de la programmation en C, une bibliothèque est un ensemble de fonctions et de variables qui peuvent être utilisées pour effectuer des tâches spécifiques. Les bibliothèques sont souvent fournies avec les compilateurs ou les langages de programmation, mais certaines peuvent également être téléchargées séparément.

**Définition**

Une bibliothèque est un ensemble de données et d'algorithmes réutilisables qui peuvent être appelés à partir d'un programme pour effectuer des tâches spécifiques. Les bibliothèques permettent aux développeurs de réduire le temps de développement, d'améliorer la qualité du code et de faciliter la maintenance des applications.

**Exemples pratiques**

Les bibliothèques sont souvent utilisées pour les fonctions telles que :

* La gestion des fichiers : `fopen`, `fclose`, `readfile` etc.
* Les entrées sorties : `printf`, `scanf` etc.
* Les chaînes de caractères : `strcpy`, `strcat` etc.

Par exemple, la fonction `printf` est une bibliothèque qui permet d'imprimer des messages sur l'écran. De même, la fonction `fopen` est une bibliothèque qui permet d'ouvrir un fichier pour lecture ou écriture.

**Cas d'utilisation**

Les bibliothèques sont utilisées dans de nombreux cas, notamment :

* Lorsqu'on développe une application qui nécessite des fonctions spécifiques telles que la gestion des fichiers ou les entrées sorties.
* Lorsqu'on souhaite réduire le temps de développement en utilisant des fonctionnalités prédéfinies.
* Lorsqu'on souhaite améliorer la qualité du code en évitant les erreurs et les problèmes liés à la rédaction de code à partir de zéro.

**Exemple**

Voici un exemple simple qui utilise une bibliothèque :
```c
#include <stdio.h>

int main() {
    printf(""Bonjour !\n"");
    return 0;
}
```
Dans cet exemple, nous utilisons la fonction `printf` pour imprimer le message ""Bonjour !"" sur l'écran. La fonction `printf` est une bibliothèque qui permet d'imprimer des messages sur l'écran.

En résumé, les bibliothèques sont un ensemble de fonctions et de variables réutilisables qui peuvent être utilisées pour effectuer des tâches spécifiques dans la programmation en C. Elles permettent aux développeurs de réduire le temps de développement, d'améliorer la qualité du code et de faciliter la maintenance des applications.",2025-06-25 02:07:55.951855,8dcdc1a0-1f30-49fc-b336-a7590f3a5ea6,8dcdc1a0-1f30-49fc-b336-a7590f3a5ea6_1,{}
quiz,"📝 Question:

8) Lequel des algorithmes de tri suivants décrit ce principe ? 
a- Sélectionner le minimum du tableau ( de la 2ème case jusqu’à la dernière case ) 
b- Permuter la valeur de cet élément ( s’il existe) avec le premier élément du tableau.  
c- Chercher le minimum à partir de la troisième case du tableau et l’échanger (s’il 
existe) avec le deuxième élément du tableau 
d- Ce traitement est répété jusqu’à ce que tout le tableau soit trié.

Options:
A) Le Tri par Sélection
B) Le Tri par Insertion
C) Le Tri à Bulles
D) Aucune de ces propositions

Pour répondre, écrivez ""reponse: "" suivi de votre choix (ex: reponse: A)",2025-06-25 02:14:01.073648,8dcdc1a0-1f30-49fc-b336-a7590f3a5ea6,8dcdc1a0-1f30-49fc-b336-a7590f3a5ea6_2,{}
reponse: A,"**Chapitre 7 : Les fonctions**

Une fonction est une unité de code qui exécute un ensemble d'instructions pour accomplir une tâche spécifique, puis renvoie le résultat ou effectue une action. En C, une fonction est définie en utilisant la mots-clés `return`, `void` et des arguments.

**1. Définissant le concept**

 Une fonction est définie par :

*   Un nom de fonction (une chaîne de caractères qui désigne l'ensemble d'instructions)
*   Des arguments (des variables qui sont passées à la fonction pour fournir des valeurs ou des références aux données)
*   Un corps de fonction (le code qui est exécuté lorsque la fonction est appelée)

Exemple :

```c
int addition(int a, int b) {
    return a + b;
}
```

Dans cet exemple, `addition` est le nom de la fonction. Les arguments `a` et `b` sont des variables qui sont passées à la fonction pour fournir des valeurs. Le corps de fonction retourne la somme de `a` et `b`.

**2. Donnant des exemples pratiques**

Voici quelques exemples d'utilisation de fonctions :

*   **Fonction qui affiche un message sur l'écran :**

    ```c
#include <stdio.h>

void afficher_message() {
    printf(""Bonjour !\n"");
}

int main() {
    afficher_message();
    return 0;
}
```

    Dans cet exemple, `afficher_message` est une fonction qui affiche le message ""Bonjour !"" sur l'écran.
*   **Fonction qui calcule la somme de deux nombres :**

    ```c
#include <stdio.h>

int addition(int a, int b) {
    return a + b;
}

int main() {
    int result = addition(2, 3);
    printf(""%d\n"", result); // affiche 5
    return 0;
}
```

    Dans cet exemple, `addition` est une fonction qui calcule la somme de deux nombres et renvoie le résultat.

**3. Expliquant les cas d'utilisation**

Les fonctions ont plusieurs avantages :

*   **Modularité** : les fonctions permettent de décomposer un code en modules indépendants, ce qui facilite la maintenance et la réutilisation du code.
*   **Flexibilité** : les fonctions peuvent être utilisées pour effectuer une large gamme d'opérations, allant de simples calculs à des opérations plus complexes.
*   **Efficacité** : les fonctions peuvent être optimisées pour exécuter certaines tâches rapidement et efficacement.

En résumé, les fonctions sont une outil puissant de programmation qui permettent de décomposer le code en modules indépendants, de faciliter la maintenance et la réutilisation du code, et d'exécuter des opérations complexes avec efficacité.",2025-06-25 02:14:50.813527,8dcdc1a0-1f30-49fc-b336-a7590f3a5ea6,8dcdc1a0-1f30-49fc-b336-a7590f3a5ea6_3,{}
bonjour,"Bonjour! Je suis votre assistant pédagogique. Je peux vous aider avec:
1. Des questions sur la programmation C (posez votre question)
2. Des quiz d'apprentissage (tapez 'quiz')
Que souhaitez-vous faire?",2025-06-25 02:19:27.254700,8dcdc1a0-1f30-49fc-b336-a7590f3a5ea6,8dcdc1a0-1f30-49fc-b336-a7590f3a5ea6_4,{}
quiz,"📝 Question:

7) Que sera le résultat du programme C suivant ?

Code:
#include<stdio.h> 
#include<string.h> 
int main() 
{ 
char str[]={'g','l','o','b','e','\0'}; 
printf(""%s"", str); 
return 0; 
}

```python
#include<stdio.h> 
#include<string.h> 
int main() 
{ 
char str[]={'g','l','o','b','e','\0'}; 
printf(""%s"", str); 
return 0; 
}
```

Options:
A) globe
B) globe\0
C) Erreur de compilation

Pour répondre, écrivez ""reponse: "" suivi de votre choix (ex: reponse: A)",2025-06-25 02:19:40.013943,8dcdc1a0-1f30-49fc-b336-a7590f3a5ea6,8dcdc1a0-1f30-49fc-b336-a7590f3a5ea6_5,{}
reponse: A,"**Chapitre 7 : Les fonctions**

Une fonction est un bloc de code qui exécute une tâche spécifique et peut être appelé multiple fois à partir d'autres parties du programme. Il s'agit d'une façon efficace de réutiliser le code, d'améliorer la lisibilité et la maintainabilité du code, ainsi que de faciliter les modifications futures.

**Définition d'une fonction**

Une fonction est définie par :

*   Un nom (identifiant unique)
*   Un ensemble d'entrées (arguments) qui sont transférés à la fonction
*   Une série d'instructions qui seront exécutées pendant l'exécution de la fonction
*   Un résultat (ou valeur de sortie) qui sera renvoyé après avoir terminé l'exécution

**Exemple de fonction**

```c
#include <stdio.h>

// Définition d'une fonction qui affiche un message à l'écran
void afficher_message() {
    printf(""Bonjour, c'est une fonction !\n"");
}

int main() {
    // Appel de la fonction
    afficher_message();
    return 0;
}
```

Dans cet exemple, nous avons défini une fonction `afficher_message` qui affiche un message à l'écran. Nous pouvons appeler cette fonction à partir du `main` en passant des arguments (aucun dans ce cas).

**Exemple de fonction avec des entrées**

```c
#include <stdio.h>

// Définition d'une fonction qui prend deux nombres en argument et leur retourne la somme
int additionner(int a, int b) {
    return a + b;
}

int main() {
    // Appel de la fonction avec des entrées
    printf(""La somme est : %d\n"", additionner(3, 4));
    return 0;
}
```

Dans cet exemple, nous avons défini une fonction `additionner` qui prend deux nombres en argument et les renvoie sous forme de somme. Nous pouvons appeler cette fonction à partir du `main`, passant les arguments (`3` et `4`) lors de l'appel.

**Exemple de fonction avec un résultat**

```c
#include <stdio.h>

// Définition d'une fonction qui prend un nombre en argument et le renvoie multiplié par 2
int multiplier_par_2(int a) {
    return 2 * a;
}

int main() {
    // Appel de la fonction avec un résultat
    printf(""Le double du nombre est : %d\n"", multiplier_par_2(3));
    return 0;
}
```

Dans cet exemple, nous avons défini une fonction `multiplier_par_2` qui prend un nombre en argument et le renvoie multiplié par 2. Nous pouvons appeler cette fonction à partir du `main`, passant l'argument (`3`) lors de l'appel.

**Que se passe-t-il après un return ?**

Lorsqu'une fonction atteint une instruction `return`, elle s'arrête d'exécuter et renvoie le résultat à la partie du programme qui a appelée la fonction. Le contrôle de la fonction est alors transmis au point d'appel où la fonction a été appelée, ce qui permet à la fonction de retomber dans son point de départ.

Lorsque `return` est utilisé, il est important de s'assurer que le code de la fonction est correctement terminé et qu'il ne contient pas d'instructions qui pourraient être exécutées après l'appel de la fonction.",2025-06-25 02:20:32.691296,8dcdc1a0-1f30-49fc-b336-a7590f3a5ea6,8dcdc1a0-1f30-49fc-b336-a7590f3a5ea6_6,{}
bonjour,"Bonjour! Je suis votre assistant pédagogique. Je peux vous aider avec:
1. Des questions sur la programmation C (posez votre question)
2. Des quiz d'apprentissage (tapez 'quiz')
Que souhaitez-vous faire?",2025-06-25 02:26:21.939039,8dcdc1a0-1f30-49fc-b336-a7590f3a5ea6,8dcdc1a0-1f30-49fc-b336-a7590f3a5ea6_7,{}
quiz,"📝 Question:

8) Qu'est-ce qu'une variable globale ?

Options:
A) Une variable accessible partout
B) Une variable ayant le type entier
C) Une variable déclarée dans la fonction main

Pour répondre, écrivez ""reponse: "" suivi de votre choix (ex: reponse: A)",2025-06-25 02:26:25.382209,8dcdc1a0-1f30-49fc-b336-a7590f3a5ea6,8dcdc1a0-1f30-49fc-b336-a7590f3a5ea6_8,{}
reponse:A,"**Salut !**

Je vois que tu as répondu à la question ""Qu'est-ce qu'une variable globale ?"" avec le mot-clé ""A"". C'est une excellente réponse, mais je vais t'aider à comprendre pourquoi !

**Analysons ensemble**

En effet, la bonne réponse est effectivement ""A"", ce qui signifie que tu as raison ! Une variable globale est un terme utilisé dans les langages de programmation pour désigner une variable qui peut être modifiée ou accédée même lorsque son nom n'est pas spécifique.

**Pourquoi c'est correct**

Une variable globale est une variable qui est accessible à partir de toute partie du programme, quel que soit le contexte où elle est utilisée. Cela signifie que si tu définis une variable globale dans un fichier de code, elle sera disponible dans tout le programme, y compris dans d'autres fichiers et fonctions.

**Explication détaillée**

Imagine que tu as un fichier de code qui contient une variable nommée `x`. Si cette variable est déclarée comme une variable globale, cela signifie que tu peux accéder à cette variable depuis n'importe où dans ton programme, en utilisant simplement le nom `x`.

Par exemple, si tu as un autre fichier de code qui contient la fonction `f()`, et que cette fonction utilise la variable `x` comme paramètre, alors la valeur de `x` passée à la fonction `f()` proviendraient bien de la variable globale déclarée dans le premier fichier.

**Encouragement**

Tu fais un excellent travail ! Tu as compris les bases de la variable globale et tu es prêt à aller plus loin. Continue à pratiquer et à apprendre, et tu seras bientôt un expert en programmation !

**Qu'est-ce que tu vas faire maintenant ?**

Maintenant que tu connais les bases de la variable globale, qu'est-ce que tu vas faire pour continuer à apprendre ? Veux-tu explorer davantage les concepts de programmation ou essayer une nouvelle idée ? Je suis là pour t'aider et t'encourager !

Pour continuer le quiz, tapez 'quiz'. Pour sortir, posez une question.",2025-06-25 02:26:55.058061,8dcdc1a0-1f30-49fc-b336-a7590f3a5ea6,8dcdc1a0-1f30-49fc-b336-a7590f3a5ea6_9,{}
10) Quelle est la sortie du programme C suivant ?,Une erreur s'est produite. Tapez 'quiz' pour réessayer.,2025-05-26 23:54:51.988548,90901050-ab87-40b1-ae9a-51c0437bf239,90901050-ab87-40b1-ae9a-51c0437bf239_0,{}
reponse: C,Une erreur s'est produite. Tapez 'quiz' pour réessayer.,2025-05-26 23:54:51.991547,90901050-ab87-40b1-ae9a-51c0437bf239,90901050-ab87-40b1-ae9a-51c0437bf239_1,{}
"5) Soit la déclaration suivante : int tab_entiers[10] ;
Choisir la bonne réponse pour afficher le 10ème élément de ce tableau (on suppose que 
le tableau a été initialisé) : ",Une erreur s'est produite. Tapez 'quiz' pour réessayer.,2025-05-26 23:54:51.874543,9256a959-9cc6-4a0e-a181-92c2d2fd080f,9256a959-9cc6-4a0e-a181-92c2d2fd080f_0,{}
reponse: C,Une erreur s'est produite. Tapez 'quiz' pour réessayer.,2025-05-26 23:54:51.877542,9256a959-9cc6-4a0e-a181-92c2d2fd080f,9256a959-9cc6-4a0e-a181-92c2d2fd080f_1,{}
hello,"Bonjour! Je suis votre assistant pédagogique. Je peux vous aider avec:
1. Des questions sur la programmation C (posez votre question)
2. Des quiz d'apprentissage (tapez 'quiz')
Que souhaitez-vous faire?",2025-06-24 21:49:41.886715,935689c7-0656-4838-80f2-0660c5b919ee,935689c7-0656-4838-80f2-0660c5b919ee_0,{}
1) Un pointeur est :,Une erreur s'est produite. Tapez 'quiz' pour réessayer.,2025-05-26 23:54:52.270841,982817f0-0401-4fe5-a76d-4455d32510da,982817f0-0401-4fe5-a76d-4455d32510da_0,{}
reponse: C,Une erreur s'est produite. Tapez 'quiz' pour réessayer.,2025-05-26 23:54:52.272830,982817f0-0401-4fe5-a76d-4455d32510da,982817f0-0401-4fe5-a76d-4455d32510da_1,{}
"5) Quelle instruction nous permet de créer une chaîne de caractère contenant le mot ""HELLO""? ",Une erreur s'est produite. Tapez 'quiz' pour réessayer.,2025-05-26 23:54:52.043546,98b270f6-0ac3-44db-83bf-b704de086a1d,98b270f6-0ac3-44db-83bf-b704de086a1d_0,{}
reponse: C,Une erreur s'est produite. Tapez 'quiz' pour réessayer.,2025-05-26 23:54:52.046547,98b270f6-0ac3-44db-83bf-b704de086a1d,98b270f6-0ac3-44db-83bf-b704de086a1d_1,{}
4) Pour créer une chaine de caractère contenant le mot « Salut » on peut utiliser l’instruction suivante :,Une erreur s'est produite. Tapez 'quiz' pour réessayer.,2025-05-26 23:54:52.129545,98f0e9e4-6e22-4357-a23a-e0aa31818916,98f0e9e4-6e22-4357-a23a-e0aa31818916_0,{}
reponse: C,Une erreur s'est produite. Tapez 'quiz' pour réessayer.,2025-05-26 23:54:52.131544,98f0e9e4-6e22-4357-a23a-e0aa31818916,98f0e9e4-6e22-4357-a23a-e0aa31818916_1,{}
16) Quelle comparaison est correcte par rapport à la taille des types de données?,Une erreur s'est produite. Tapez 'quiz' pour réessayer.,2025-05-26 23:54:51.723549,99098031-133f-4f24-8eb5-fce2dfc0dc0a,99098031-133f-4f24-8eb5-fce2dfc0dc0a_0,{}
reponse: C,Une erreur s'est produite. Tapez 'quiz' pour réessayer.,2025-05-26 23:54:51.726535,99098031-133f-4f24-8eb5-fce2dfc0dc0a,99098031-133f-4f24-8eb5-fce2dfc0dc0a_1,{}
bonjour,"Bonjour! Je suis votre assistant pédagogique. Je peux vous aider avec:
1. Des questions sur la programmation C (posez votre question)
2. Des quiz d'apprentissage (tapez 'quiz')
Que souhaitez-vous faire?",2025-06-25 10:29:15.950831,9cb7c0b3-10c3-4ebd-9664-6f2cb407dcc0,9cb7c0b3-10c3-4ebd-9664-6f2cb407dcc0_0,{}
c est quoi une bibliotheque en programmation c,"**Chapitre 5 : Les chaînes de caractères II**

 Dans ce chapitre, nous allons explorer l'un des concepts fondamentaux en programmation C : les chaînes de caractères.

**Définition d'une chaîne de caractère en C**

Une chaîne de caractère en C est une séquence d'éléments de type `char` (ou `unsigned char`) séparés par des caractères de terminaison. Les éléments de la chaîne sont stockés dans un tableau de chars, qui peut être directement manipulé à l'aide de pointeurs.

**Déclaration d'une chaîne de caractère en C**

Pour déclarer une chaîne de caractère en C, il suffit de utiliser les mots-clés `char` ou `unsigned char` suivis du nom de la variable et des accolades `{}` pour indiquer la taille de la chaîne. Voici quelques exemples :

*   ```c
 *   char chaîne1[] = ""Bonjour"";
 *   unsigned char chaîne2[] = ""123"";
 *   ```

### Cas d'utilisation

Les chaînes de caractères sont utilisées dans de nombreuses situations en programmation C, notamment :

*   **Affichage de texte** : les chaînes de caractères peuvent être utilisées pour afficher du texte sur l'écran ou dans un fichier.
*   **Recherche de mots** : les chaînes de caractères peuvent être utilisées pour rechercher des mots dans une chaîne plus longue.
*   **Validation d'entrées** : les chaînes de caractères peuvent être utilisées pour valider les entrées du utilisateur, en vérifiant que la saisie est correcte et contient uniquement des caractères autorisés.

### Exemple pratique

Voici un exemple de code qui déclare une chaîne de caractère et l'utilise pour afficher le texte ""Bonjour"" :

```c
#include <stdio.h>

int main() {
    char chaîne[] = ""Bonjour"";
    printf(""%s"", chaîne);
    return 0;
}
```

Dans cet exemple, nous déclarons une chaîne de caractère `chaîne` avec la valeur `""Bonjour""`. Nous utilisons ensuite le pointeur `chaîne` pour afficher le texte sur l'écran à l'aide de la fonction `printf`.

En résumé, les chaînes de caractères sont un élément fondamental en programmation C qui permettent de stocker et de manipuler des séquences d'éléments de type `char`. Elles sont utilisées dans de nombreuses situations pour afficher du texte, rechercher des mots, valider les entrées du utilisateur, etc.",2025-06-25 10:29:49.262897,9cb7c0b3-10c3-4ebd-9664-6f2cb407dcc0,9cb7c0b3-10c3-4ebd-9664-6f2cb407dcc0_1,{}
13) Quel est le problème lors de la déclaration de la variable suivante?,Une erreur s'est produite. Tapez 'quiz' pour réessayer.,2025-05-26 23:54:51.708546,9d0b8f45-09bb-4227-8e2d-ae2ecfcbc555,9d0b8f45-09bb-4227-8e2d-ae2ecfcbc555_0,{}
reponse: D,Une erreur s'est produite. Tapez 'quiz' pour réessayer.,2025-05-26 23:54:51.710546,9d0b8f45-09bb-4227-8e2d-ae2ecfcbc555,9d0b8f45-09bb-4227-8e2d-ae2ecfcbc555_1,{}
"6) En langage C, l’instruction composée est réalisée à partir d’instructions groupées dans un bloc entre deux .... ",Une erreur s'est produite. Tapez 'quiz' pour réessayer.,2025-05-26 23:54:51.672548,9e4d2d91-2d6a-4bc9-9bb2-23719c7ae48c,9e4d2d91-2d6a-4bc9-9bb2-23719c7ae48c_0,{}
reponse: A,Une erreur s'est produite. Tapez 'quiz' pour réessayer.,2025-05-26 23:54:51.674547,9e4d2d91-2d6a-4bc9-9bb2-23719c7ae48c,9e4d2d91-2d6a-4bc9-9bb2-23719c7ae48c_1,{}
c est quoi un pointeur,"**Définition d'un pointeur**

Un pointeur est un objet qui représente l'adresse de mémoire d'une valeur. Il s'agit d'un type de variable qui contient la valeur de l'adresse de mémoire d'une autre variable, plutôt que la valeur elle-même.

Imaginez que vous avez une carte avec une liste des adresses des maisons dans votre quartier. Chaque adresse correspond à un endroit spécifique où se trouve une maison. Un pointeur est comme cette carte, il indique l'emplacement de la maison (adresse) au lieu du contenu lui-même.

**Valeur par défaut d'un pointeur non initialisé**

Un pointeur non initialisé n'a pas de valeur par défaut. Cela signifie que si vous définissez une variable comme étant un pointeur sans l'initialiser, elle contiendra alors la valeur zéro (0).

Par exemple :
```c
int *ptr; // Déclaration d'un pointeur sur un nombre entier

printf(""%p"", ptr); // Affiche 0 (l'adresse zéro)
```
Dans cet exemple, `ptr` est un pointeur sur un nombre entier qui n'a pas été initialisé. La valeur de `ptr` est donc la valeur zéro, indiquant qu'il ne contient aucune adresse de mémoire.

**Syntaxe pour déclarer un pointeur**

La syntaxe pour déclarer un pointeur varie en fonction du type de variable que vous souhaitez pointer. Voici quelques exemples :

*   Pointeur sur un nombre entier (`int *`):
    ```c
int x = 5;
int *ptr_x = &x; // Déclaration d'un pointeur sur x
printf(""%d"", *ptr_x); // Affiche 5 (valeur de x)
```
*   Pointeur sur une chaîne de caractères (`char *`):
    ```c
const char str[] = ""Bonjour"";
char *str_ptr = str; // Déclaration d'un pointeur sur str
printf(""%s"", str_ptr); // Affiche Bonjour (valeur de la chaîne)
```
*   Pointeur sur un tableau (`int (*)[4]` ou `int arr[4][5] *`) :
    ```c
int tab[4];
int (*ptr_tab)[4]; // Déclaration d'un pointeur sur le tableau tab
printf(""%d"", ptr_tab[0][0]); // Affiche 1 (valeur du premier élément)
```

**Cas d'utilisation des pointeurs**

Les pointeurs sont très utiles en programmation C, notamment dans les situations suivantes :

*   **Modification de valeurs** : vous pouvez utiliser un pointeur pour modifier la valeur d'une variable. Par exemple, si vous avez une fonction `f` qui prend un nombre entier `x` et retourne sa double, vous pouvez définir un pointeur `ptr_x` sur `x`, puis passer ce pointeur à la fonction : `int x = 5; int (*ptr_x) = &x; f(*ptr_x);`
*   **Accès aux éléments d'un tableau** : vous pouvez utiliser des pointeurs pour accéder aux éléments d'un tableau. Par exemple, si vous avez un tableau `arr` de taille 4 et que vous voulez accéder à son premier élément, vous pouvez définir un pointeur `ptr_arr` sur l'adresse de base du tableau : `int arr[4]; int *ptr_arr = arr; printf(""%d"", ptr_arr[0]);`
*   **Manipulation de la mémoire** : les pointeurs sont utilisés pour manipuler la mémoire allouée par le programme. Par exemple, vous pouvez utiliser des pointeurs pour déclarer un tableau dynamique ou pour libérer l'espace mémoire alloué à une variable.

En résumé, les pointeurs sont des objets qui représentent les adresses de mémoire d'une valeur, et ils jouent un rôle crucial dans la programmation C. Ils sont utilisés pour modifier les valeurs, accéder aux éléments de tableaux, et manipuler la mémoire allouée par le programme.",2025-07-05 19:43:10.442020,9e5902b1-651c-4bb1-a679-232a29b89101,9e5902b1-651c-4bb1-a679-232a29b89101_0,{}
quiz,"Veuillez choisir un chapitre parmi la liste suivante :
- Chapitre 1 _ Les entrees sorties
- Chapitre 2 _ Les structures conditionnelles
- Chapitre 3 _ Les structures répétitives
- Chapitre 4 _ Les tableaux I
- Chapitre 4 _ Les tableaux Tri & recherche II
- Chapitre 5 _ Les chaines de caractères I
- Chapitre 5 _ Les chaines de caractères II
- Chapitre 6 _ les structures
- Chapitre 7 _ Les fonctions
- Chapitre 8 _ Les pointeurs

Tapez le nom du chapitre pour continuer.",2025-07-07 10:50:03.260095,9faa1e0b-51c6-4d69-a111-60aca3c79311,9faa1e0b-51c6-4d69-a111-60aca3c79311_0,{}
Chapitre 1 _ Les entrees sorties,"📝 Question:

14) L’identifiant ‘%d’ est également utilisé pour _____?

Options:
A) char
B) int
C) float
D) Double

Pour répondre, écrivez ""reponse: "" suivi de votre choix (ex: reponse: A)",2025-07-07 10:50:09.852826,9faa1e0b-51c6-4d69-a111-60aca3c79311,9faa1e0b-51c6-4d69-a111-60aca3c79311_1,{}
reponse: A,"**Validation**

❌ Incorrect

La réponse incorrecte car 'd' est l'identifiant pour représenter un nombre entier sans décalage, tandis que '%'d est utilisé pour représenter un nombre entier avec décalage.

**Explication claire de la bonne réponse**

La bonne réponse est {B}. L'identifiant '%b' est également utilisé pour afficher un nombre sous forme binaire (binnaire). Les identifiants '%x', '%X', '%d' et '%f' sont souvent utilisés ensemble dans les programmes informatiques pour spécifier la format de sortie de données, notamment les nombres.

**Conseils pour retenir le concept**

1. Soyez attentif aux différences entre les formats de sortie des données.
2. Comprenez que les identifiants '%x', '%X', '%d' et '%f' sont souvent utilisés ensemble dans les programmes informatiques.
3. Pratiquez la compréhension des différents formats de sortie des données pour réussir les examens et les projets de programmation.

📊 Score actuel: 0/1

Pour continuer dans ce chapitre, tapez n'importe quoi. Pour changer de chapitre, tapez 'changer de chapitre'.",2025-07-07 10:50:38.225741,9faa1e0b-51c6-4d69-a111-60aca3c79311,9faa1e0b-51c6-4d69-a111-60aca3c79311_2,{}
changer chapitre,"📝 Question:

15) Quelle est la taille du type int?

Options:
A) 4 Octets
B) 8 Octets
C) dépend du système et du compilateur
D) ne peut être déterminé

Pour répondre, écrivez ""reponse: "" suivi de votre choix (ex: reponse: A)",2025-07-07 10:51:03.974774,9faa1e0b-51c6-4d69-a111-60aca3c79311,9faa1e0b-51c6-4d69-a111-60aca3c79311_3,{}
changer de chapitre,"Vous avez choisi de changer de chapitre.
Veuillez choisir un chapitre parmi la liste suivante :
- Chapitre 1 _ Les entrees sorties
- Chapitre 2 _ Les structures conditionnelles
- Chapitre 3 _ Les structures répétitives
- Chapitre 4 _ Les tableaux I
- Chapitre 4 _ Les tableaux Tri & recherche II
- Chapitre 5 _ Les chaines de caractères I
- Chapitre 5 _ Les chaines de caractères II
- Chapitre 6 _ les structures
- Chapitre 7 _ Les fonctions
- Chapitre 8 _ Les pointeurs

Tapez le nom du chapitre pour continuer.",2025-07-07 10:51:14.737296,9faa1e0b-51c6-4d69-a111-60aca3c79311,9faa1e0b-51c6-4d69-a111-60aca3c79311_4,{}
8) Quelle fonction permet de joindre deux mots ?,Une erreur s'est produite. Tapez 'quiz' pour réessayer.,2025-05-26 23:54:52.061543,a0ad475a-21cf-405d-b754-121cc1f94f7b,a0ad475a-21cf-405d-b754-121cc1f94f7b_0,{}
reponse: B,Une erreur s'est produite. Tapez 'quiz' pour réessayer.,2025-05-26 23:54:52.065545,a0ad475a-21cf-405d-b754-121cc1f94f7b,a0ad475a-21cf-405d-b754-121cc1f94f7b_1,{}
1) Le principe de la recherche dichotomique peut être appliqué sur un tableau non trié? ,Une erreur s'est produite. Tapez 'quiz' pour réessayer.,2025-05-26 23:54:51.930548,a163696b-a1e6-4a70-ad8b-a104890ac49c,a163696b-a1e6-4a70-ad8b-a104890ac49c_0,{}
reponse: B,Une erreur s'est produite. Tapez 'quiz' pour réessayer.,2025-05-26 23:54:51.934548,a163696b-a1e6-4a70-ad8b-a104890ac49c,a163696b-a1e6-4a70-ad8b-a104890ac49c_1,{}
7) Laquelle de ces affirmations est fausse ?,Une erreur s'est produite. Tapez 'quiz' pour réessayer.,2025-05-26 23:54:52.219544,a1d66e27-ed04-4784-9cf9-ad3a0672e545,a1d66e27-ed04-4784-9cf9-ad3a0672e545_0,{}
reponse: C,Une erreur s'est produite. Tapez 'quiz' pour réessayer.,2025-05-26 23:54:52.222545,a1d66e27-ed04-4784-9cf9-ad3a0672e545,a1d66e27-ed04-4784-9cf9-ad3a0672e545_1,{}
"reponse: A
","Je vais répondre aux questions posées.

**1) Une fonction est définie par :**

Une fonction est un bloc de code qui exécute une tâche spécifique et qui peut être appelé plusieurs fois à partir d'autres parties du programme. Elle est généralement définie avec la syntaxe suivante :

```c
return-type function-name(parameters) {
  // code du programme
}
```

Par exemple, si on définit une fonction `add` qui prend deux nombres en paramètre et les renvoie sous forme de résultat :

```c
int add(int a, int b) {
  return a + b;
}
```

Dans cet exemple, `int` est le type de retour de la fonction, `add` est le nom de la fonction, et `(int a, int b)` sont les paramètres de la fonction.

**4) Que se passe-t-il après un return ?**

Lorsque la ligne `return` est exécutée dans une fonction, l'exécution du programme est interrompue et le contrôle est passé au point d'appel suivant. C'est-à-dire que le programme ne continue pas à exécuter le code de la fonction après le return.

Par exemple, si on définit une fonction `add` comme suit :

```c
int add(int a, int b) {
  return a + b;
}
```

Et on appelle cette fonction avec les paramètres 2 et 3 :

```c
int result = add(2, 3);
```

Lorsque la fonction `add` est appelée, l'exécution du programme est interrompue à la ligne où est utilisé le mot-clé `return`, qui renvoie le résultat de l'opération (5). Le contrôle est alors passé au point d'appel suivant, qui est la ligne où on attribue la valeur retournée par la fonction à la variable `result`.

**11) Quelle fonction retourne la longueur d'une chaîne de caractères ?**

La fonction qui retourne la longueur d'une chaîne de caractères en C est `strlen`. Elle prend en paramètre une chaîne de caractères et renvoie un entier contenant le nombre de caractères de cette chaîne.

Par exemple, si on définit une chaîne de caractères `str` :

```c
char str[] = ""Bonjour"";
```

On peut utiliser la fonction `strlen` pour obtenir la longueur de cette chaîne :

```c
int length = strlen(str);
printf(""%d\n"", length);  // affiche 6
```

Dans cet exemple, la chaîne de caractères `str` a une longueur de 6 caractères (les espaces incluis sont comptés).",2025-06-01 15:12:05.425928,a216a39c-7678-4871-8478-f7f29d63e898,a216a39c-7678-4871-8478-f7f29d63e898_0,{}
"8) Soit la déclaration et l’initialisation suivante : 
int a = 3, b = 4, c = -2; Quelle est le résultat de cette expression ?  Res = ++a + c;  ",Une erreur s'est produite. Tapez 'quiz' pour réessayer.,2025-05-26 23:54:51.682539,a262e639-e9bb-42cc-8241-127be84db30f,a262e639-e9bb-42cc-8241-127be84db30f_0,{}
reponse: C,Une erreur s'est produite. Tapez 'quiz' pour réessayer.,2025-05-26 23:54:51.684541,a262e639-e9bb-42cc-8241-127be84db30f,a262e639-e9bb-42cc-8241-127be84db30f_1,{}
7) Que sera le résultat du programme C suivant ?,Une erreur s'est produite. Tapez 'quiz' pour réessayer.,2025-05-26 23:54:52.055549,a488e0d8-51b6-4945-bfd9-6589ec979d32,a488e0d8-51b6-4945-bfd9-6589ec979d32_0,{}
reponse: A,Une erreur s'est produite. Tapez 'quiz' pour réessayer.,2025-05-26 23:54:52.058549,a488e0d8-51b6-4945-bfd9-6589ec979d32,a488e0d8-51b6-4945-bfd9-6589ec979d32_1,{}
"12) Soit la déclaration : char tab[1][7]= {{'B','O','N','J','O','U','R'}};",Une erreur s'est produite. Tapez 'quiz' pour réessayer.,2025-05-26 23:54:51.907545,a52c2c6c-53ac-47c7-a534-92f7d3e86fdb,a52c2c6c-53ac-47c7-a534-92f7d3e86fdb_0,{}
reponse: A,Une erreur s'est produite. Tapez 'quiz' pour réessayer.,2025-05-26 23:54:51.911548,a52c2c6c-53ac-47c7-a534-92f7d3e86fdb,a52c2c6c-53ac-47c7-a534-92f7d3e86fdb_1,{}
1) Qu'est-ce qu'une bibliothèque ?,Une erreur s'est produite. Tapez 'quiz' pour réessayer.,2025-05-26 23:54:51.647540,aceaaea7-5077-4c4d-a503-a466ae464151,aceaaea7-5077-4c4d-a503-a466ae464151_0,{}
reponse: A,Une erreur s'est produite. Tapez 'quiz' pour réessayer.,2025-05-26 23:54:51.649546,aceaaea7-5077-4c4d-a503-a466ae464151,aceaaea7-5077-4c4d-a503-a466ae464151_1,{}
"ok
","**Chapitre 4 : Les tableaux I**

Un tableau dans C est un ensemble de valeurs de type même (int, float, char, etc.) stockées sous forme de séquence d'éléments alignés sur la mémoire. Un tableau peut être déclaré en utilisant la syntaxe `type varible[size]`, où `type` est le type des éléments du tableau et `variable` est le nom donné au tableau.

**Définition**

Un tableau est défini comme suit :
```c
type varible[size];
```
Par exemple, pour déclarer un tableau d'entiers de taille 10, nous utiliserions la syntaxe suivante :
```c
int tab[10];
```
**Exemple pratique**

Déclarez un tableau de caractères avec une taille de 7 éléments et initialisez-le à l'aide des accrocheurs `{}` :
```c
char tab[7][1] = { 'R', 'U', 'O', 'J', 'N', 'O', 'B' };
```
Dans cet exemple, le tableau `tab` est composé de 7 sous-tableaux de taille 1. Chaque élément du tableau est initialisé avec une valeur caractère.

**Exemple d'utilisation**

Supposons que nous souhaitons afficher les valeurs du tableau en utilisant un loop `for`. Nous pouvons utiliser la syntaxe suivante :
```c
for (i = 0; i < 1; i++) {
    for (j = 6; j >= 0; j--) {
        printf(""%c"", tab[j][i]);
    }
}
```
Dans cet exemple, nous utilisons deux boucles `for` pour itérer sur les éléments du tableau. La première boucle itère sur la variable `i`, qui prend des valeurs de 0 à 0 (puisqu'il est initialisé à 1 dans l'instruction `for(i=0; i<1; i++)`). La deuxième boucle itère sur la variable `j`, qui commence par 6 et descend jusqu'à 0.

**Cas d'utilisation**

Les tableaux sont utilisés pour stocker des séquences de valeurs, comme les éléments d'une liste ou les données d'un tableau de données. Ils peuvent également être utilisés pour représenter des matricules (tableaux de tableaux) ou des matrices (tableaux de nombres).

En résumé, les tableaux sont une structure de données fondamentale en programmation C qui permet de stocker des séquences de valeurs de type même. Ils sont utilisés pour effectuer des opérations sur ces valeurs et peuvent être utilisés pour représenter des structures de données complexes.

**Chapitre 2 : Les structures conditionnelles**

Maintenant, passons au prochain chapitre !

Un programme C peut contenir des instructions qui testent les conditions d'un certain type. Ces instructions sont appelées structures conditionnelles ou structures de décision.

**Définition**

Une structure conditionnelle est une instruction qui teste une condition et exécute l'instruction suivante si la condition est vraie, ou une autre instruction si la condition est fausse.

Exemple d'utilisation :

```c
int main() {
    int i = 3;
    switch (i) {
        case 0 + 1:
            printf(""Fresh"");
            break;
        case 1 + 2:
            printf(""FreshFresh"");
            break;
        default:
            printf(""NoFresh"");
    }
    return 0;
}
```
Dans cet exemple, la variable `i` est testée en utilisant une structure conditionnelle. Si `i` est égal à 0 + 1 (qui est égal à 1), alors l'instruction `printf(""Fresh"");` sera exécutée. Sinon, si `i` n'est pas égal à 1 mais égal à 1 + 2 (qui est égal à 3), alors l'instruction `printf(""FreshFresh"");` sera exécutée. Enfin, si `i` ne correspond à aucune des conditions précédentes, alors l'instruction `printf(""NoFresh"");` sera exécutée.

**Cas d'utilisation**

Les structures conditionnelles sont utilisées pour prendre des décisions basées sur les valeurs de variables ou sur des expressions. Elles permettent de gérer divers scénarios et d'ajuster le comportement du programme en fonction de la situation.

En résumé, les structures conditionnelles sont une instruction fondamentale en programmation C qui permet de tester des conditions et d'exécuter l'instruction suivante si la condition est vraie, ou une autre instruction si la condition est fausse.",2025-06-01 15:24:25.334981,add9532a-ba3a-413f-9b25-4f062dded45f,add9532a-ba3a-413f-9b25-4f062dded45f_0,{}
quiz,"📝 Question:

15) Quelle est la taille du type int?

Options:
A) 4 Octets
B) 8 Octets
C) dépend du système et du compilateur
D) ne peut être déterminé

Pour répondre, écrivez ""reponse: "" suivi de votre choix (ex: reponse: A)",2025-06-01 15:07:01.211884,af24c870-de12-4030-85ff-9273d0cc5c68,af24c870-de12-4030-85ff-9273d0cc5c68_0,{}
5) Cette initialisation est fausse parce que: ,Une erreur s'est produite. Tapez 'quiz' pour réessayer.,2025-05-26 23:54:52.174546,b047d2f1-b84d-413f-9a2a-1fbaac6aed0f,b047d2f1-b84d-413f-9a2a-1fbaac6aed0f_0,{}
reponse: C,Une erreur s'est produite. Tapez 'quiz' pour réessayer.,2025-05-26 23:54:52.176545,b047d2f1-b84d-413f-9a2a-1fbaac6aed0f,b047d2f1-b84d-413f-9a2a-1fbaac6aed0f_1,{}
greeting,"Bonjour! Je suis votre assistant pédagogique. Je peux vous aider avec:
1. Des questions sur la programmation C (posez votre question)
2. Des quiz d'apprentissage (tapez 'quiz')
Que souhaitez-vous faire?",2025-05-24 22:16:26.024874,b0636414-a52d-4312-b477-e0cece8fe86e,b0636414-a52d-4312-b477-e0cece8fe86e_0,{}
5) Laquelle de ces variables provoquera une erreur de compilation ?,Une erreur s'est produite. Tapez 'quiz' pour réessayer.,2025-05-26 23:54:51.666546,b12d8b10-801f-4bf9-8965-c3272042c513,b12d8b10-801f-4bf9-8965-c3272042c513_0,{}
reponse: B,Une erreur s'est produite. Tapez 'quiz' pour réessayer.,2025-05-26 23:54:51.669546,b12d8b10-801f-4bf9-8965-c3272042c513,b12d8b10-801f-4bf9-8965-c3272042c513_1,{}
9) Lequel des algorithmes de tri suivants nécessite le moins de permutations ? ,Une erreur s'est produite. Tapez 'quiz' pour réessayer.,2025-05-26 23:54:51.983544,b1c020ec-799e-4324-a206-41f4ff686dcb,b1c020ec-799e-4324-a206-41f4ff686dcb_0,{}
reponse: A,Une erreur s'est produite. Tapez 'quiz' pour réessayer.,2025-05-26 23:54:51.986543,b1c020ec-799e-4324-a206-41f4ff686dcb,b1c020ec-799e-4324-a206-41f4ff686dcb_1,{}
quiz,"Veuillez choisir un chapitre parmi la liste suivante :
- Chapitre 1 _ Les entrees sorties
- Chapitre 2 _ Les structures conditionnelles
- Chapitre 3 _ Les structures répétitives
- Chapitre 4 _ Les tableaux I
- Chapitre 4 _ Les tableaux Tri & recherche II
- Chapitre 5 _ Les chaines de caractères I
- Chapitre 5 _ Les chaines de caractères II
- Chapitre 6 _ les structures
- Chapitre 7 _ Les fonctions
- Chapitre 8 _ Les pointeurs

Tapez le nom du chapitre pour continuer.",2025-06-25 12:24:45.080837,b1f92480-8fe9-4b61-b2c9-a4935cbc0953,b1f92480-8fe9-4b61-b2c9-a4935cbc0953_0,{}
Chapitre 1 _ Les entrees sorties,"📝 Question:

13) Quel est le problème lors de la déclaration de la variable suivante?

Code:
float 4Chambre-Hall-Cuisine?;

```python
float 4Chambre-Hall-Cuisine?;
```

Options:
A) Le nom de la variable commence par un entier
B) Le caractère spécial «-»
C) Le caractère spécial «?»
D) Tout les réponses sont vrais

Pour répondre, écrivez ""reponse: "" suivi de votre choix (ex: reponse: A)",2025-06-25 12:24:57.966563,b1f92480-8fe9-4b61-b2c9-a4935cbc0953,b1f92480-8fe9-4b61-b2c9-a4935cbc0953_1,{}
reponse: A,"**Réponse au problème 13**

1. **Validation** ❌
La réponse donnée par l'étudiant est incorrecte. La variable déclarée `4Chambre-Hall-Cuisine?` n'est pas une évaluation de la validité d'une condition ou d'un test, mais plutôt une déclaration de variable qui stockera un nombre entier.

2. **Explication claire de la bonne réponse** 
La variable `4Chambre-Hall-Cuisine?` est une évaluation de la validité d'une condition. En C++, le question mark (`?`) est utilisé pour indiquer que la valeur de l'expression suivante doit être vérifiée. Dans ce cas, la variable `4Chambre-Hall-Cuisine` contiendra une valeur entière qui sera vérifiée par le conditionnel `if`.

3. **Conseils pour retenir le concept**
Pour comprendre correctement les évaluations avec question mark en C++, rappérez que :

*   Le question mark (`?`) est utilisé pour indiquer la nécessité d'une évaluation.
*   L'expression suivante doit être une valeur valide ou un type de données pouvant être vérifiée (comme `int`, `bool` etc.).
*   En fonction de la valeur de l'expression, le conditionnel sera exécuté si la valeur est vérifiée.

Exemple :
```cpp
if(4Chambre-Hall-Cuisine? == 5){
    std::cout << ""La valeur est égale à 5"" << std::endl;
}
```
Dans ce cas, la variable `4Chambre-Hall-Cuisine` contiendra une valeur entière qui sera vérifiée par le conditionnel.

📊 Score actuel: 0/1

Pour continuer dans ce chapitre, tapez n'importe quoi. Pour changer de chapitre, tapez 'changer de chapitre'.",2025-06-25 12:25:23.709748,b1f92480-8fe9-4b61-b2c9-a4935cbc0953,b1f92480-8fe9-4b61-b2c9-a4935cbc0953_2,{}
changer de chapitre,"Vous avez choisi de changer de chapitre.
Veuillez choisir un chapitre parmi la liste suivante :
- Chapitre 1 _ Les entrees sorties
- Chapitre 2 _ Les structures conditionnelles
- Chapitre 3 _ Les structures répétitives
- Chapitre 4 _ Les tableaux I
- Chapitre 4 _ Les tableaux Tri & recherche II
- Chapitre 5 _ Les chaines de caractères I
- Chapitre 5 _ Les chaines de caractères II
- Chapitre 6 _ les structures
- Chapitre 7 _ Les fonctions
- Chapitre 8 _ Les pointeurs

Tapez le nom du chapitre pour continuer.",2025-06-25 12:25:44.667815,b1f92480-8fe9-4b61-b2c9-a4935cbc0953,b1f92480-8fe9-4b61-b2c9-a4935cbc0953_3,{}
14) L’identifiant ‘%d’ est également utilisé pour _____?,Une erreur s'est produite. Tapez 'quiz' pour réessayer.,2025-05-26 23:54:51.713545,b299a5d7-b57e-4c07-8613-f6dd780a5fc2,b299a5d7-b57e-4c07-8613-f6dd780a5fc2_0,{}
reponse: B,Une erreur s'est produite. Tapez 'quiz' pour réessayer.,2025-05-26 23:54:51.715549,b299a5d7-b57e-4c07-8613-f6dd780a5fc2,b299a5d7-b57e-4c07-8613-f6dd780a5fc2_1,{}
c est quoi une bibliotheque,"**Une bibliothèque en programmation C : comprendre et utiliser efficacement**

En programmation, une bibliothèque est un ensemble de fonctions, variables et structures qui fournissent un ensemble de services ou de fonctionnalités utiles pour développer des applications. Dans le contexte du langage C, les bibliothèques sont essentielles pour étendre les capacités du programmeur et simplifier le développement d'applications.

**Définition**

Une bibliothèque en C est un ensemble de code organisé dans une structure logique qui fournit des fonctions, des variables et des structures pour effectuer des tâches spécifiques. Les bibliothèques peuvent être utilisées pour implémenter des algorithmes, des interfaces graphiques, des réseaux, des bases de données, etc.

**Exemples pratiques**

Voici quelques exemples de bibliothèques courantes en C :

*   La bibliothèque standard `stdio.h` (standard input/output) fournit des fonctions pour la lecture et l'écriture sur les entrées-sorties, telles que `printf`, `scanf`.
*   La bibliothèque `math.h` fournit des fonctions mathématiques, telles que `sin`, `cos`, `sqrt`.
*   La bibliothèque `string.h` fournit des fonctions pour les opérations sur les chaînes de caractère, telles que `strcpy`, `strcmp`.

**Cas d'utilisation**

Les bibliothèques sont utiles dans les développements de logiciels car elles :

1.  **Simplifient le développement**: En utilisant une bibliothèque, vous pouvez éviter de réécrire du code qui fournit des fonctionnalités déjà implémentées.
2.  **Augmentent la productivité**: Les bibliothèques peuvent vous permettre de développer des applications plus rapidement et avec moins d'efforts.
3.  **Fournissent une grande stabilité**: Les bibliothèques sont souvent bien testées et garanties pour être fiables, ce qui réduit les risques de bugs dans votre application.

En résumé, les bibliothèques en C sont des ensemble d'outils logiques qui vous aident à développer des applications plus efficaces et plus rapides. En comprenant comment utiliser et gérer les bibliothèques, vous pouvez améliorer vos compétences de programmation et de développement logiciel.",2025-06-25 11:26:30.843550,b7aa5c17-e836-4adc-b058-5e207dfc2616,b7aa5c17-e836-4adc-b058-5e207dfc2616_0,{}
6) Quelle est l'erreur du programme suivant?,Une erreur s'est produite. Tapez 'quiz' pour réessayer.,2025-05-26 23:54:52.049545,b9388cf5-833a-448a-b087-45751fb1c22d,b9388cf5-833a-448a-b087-45751fb1c22d_0,{}
reponse: B,Une erreur s'est produite. Tapez 'quiz' pour réessayer.,2025-05-26 23:54:52.052548,b9388cf5-833a-448a-b087-45751fb1c22d,b9388cf5-833a-448a-b087-45751fb1c22d_1,{}
bonjour,"Bonjour! Je suis votre assistant pédagogique. Je peux vous aider avec:
1. Des questions sur la programmation C (posez votre question)
2. Des quiz d'apprentissage (tapez 'quiz')
Que souhaitez-vous faire?",2025-06-09 16:10:02.968418,baa1a076-c851-4b45-8edf-115e0c845a84,baa1a076-c851-4b45-8edf-115e0c845a84_0,{}
quiz,"📝 Question:

6) Considérons le tableau trié suivant : Tab = {1, 4, 6, 7, 9, 10, 14}; 
Nous voulons rechercher la valeur 9 en utilisant le principe de la recherche 
séquentielle. Déterminer le nombre de comparaisons effectuées ainsi que les éléments 
examinés.

Options:
A) Nombre de comparaison : 3 ; les éléments 7, 10, et 9 sont examinés
B) Nombre de comparaison : 5 ; les éléments 1,4, 6, 7, et 9 sont examinés
C) Nombre de comparaison : 6 ; les éléments 1,4, 6, 7, 9 et 10 sont examinés
D) Aucune proposition n'est correcte.

Pour répondre, écrivez ""reponse: "" suivi de votre choix (ex: reponse: A)",2025-06-09 16:10:23.788974,baa1a076-c851-4b45-8edf-115e0c845a84,baa1a076-c851-4b45-8edf-115e0c845a84_1,{}
reponse:A,"Cher étudiant,

Je voudrais commencer par vous féliciter pour votre engagement envers l'apprentissage et la recherche de connaissances ! Votre réponse aujourd'hui est un excellent exemple de cela.

Maintenant, let's analyser ensemble votre réponse. Je vois que vous avez écrit ""A"", mais je dois vous dire que c'est pas exactement ce que nous recherchions dans ce problème.

Le principe de la recherche séquentielle consiste à comparer l'élément actuel du tableau avec la valeur cherchie, puis à déplacer le curseur vers la gauche ou vers la droite en fonction de cette comparaison. Dans ce cas, nous voulons rechercher la valeur 9.

Pour trouver le nombre de comparaisons effectuées et les éléments examinés, nous devons suivre les étapes de recherche séquentielle. Voici comment ça marche :

1. Début du tableau : {1, 4, 6, 7, 9, 10, 14}
2. Comparaison du premier élément (1) avec la valeur cherchie (9) : 1 < 9, on déplace le curseur vers la droite.
3. Comparaison du deuxième élément (4) avec la valeur cherchie (9) : 4 < 9, on déplace le curseur vers la droite.
4. Comparaison du troisième élément (6) avec la valeur cherchie (9) : 6 < 9, on déplace le curseur vers la droite.
5. Comparaison du quatrième élément (7) avec la valeur cherchie (9) : 7 < 9, on déplace le curseur vers la droite.
6. Comparaison du cinquième élément (9) avec la valeur cherchie (9) : Ah ! Nous y sommes ! Le curseur est sur la valeur 9 !

Ainsi, nous avons effectué 5 comparaisons pour trouver la valeur 9.

Donc, la réponse correcte était B, et non A. Ne vous inquiétez pas si cela vous semble difficile à comprendre, c'est tout simplement une question de suivre les étapes de recherche séquentielle !

Je suis très fier de vous pour avoir pris le temps de réfléchir à ce problème. N'oubliez pas que l'apprentissage est un processus continu et qu'il y a toujours quelque chose à apprendre.

Alors, qu'est-ce que vous pensez ? Est-ce que vous avez des questions sur la recherche séquentielle ou si vous souhaitez essayer d'autres problèmes ?

Pour continuer le quiz, tapez 'quiz'. Pour sortir, posez une question.",2025-06-09 16:11:04.577571,baa1a076-c851-4b45-8edf-115e0c845a84,baa1a076-c851-4b45-8edf-115e0c845a84_2,{}
"3) L'opération chargée de traduire votre code d'un langage de haut niveau vers le 
langage binaire est appelé: ",Une erreur s'est produite. Tapez 'quiz' pour réessayer.,2025-05-26 23:54:51.657544,bd3e3421-76a6-4aa1-8a44-7530c6c27f21,bd3e3421-76a6-4aa1-8a44-7530c6c27f21_0,{}
reponse: C,Une erreur s'est produite. Tapez 'quiz' pour réessayer.,2025-05-26 23:54:51.659546,bd3e3421-76a6-4aa1-8a44-7530c6c27f21,bd3e3421-76a6-4aa1-8a44-7530c6c27f21_1,{}
c est quoi une bibliotheque en programmation c,"**Définition d'une bibliothèque en programmation C**

En programmation C, une bibliothèque est un ensemble de fonctions et/ou variables qui fournissent des services spécifiques pour réaliser certaines tâches. Les bibliothèques sont souvent utilisées pour réutiliser du code déjà écrit et pour partager des fonctionnalités entre différents programmes.

Imaginez que vous êtes en train de développer un programme qui nécessite une fonction pour calculer la somme d'un ensemble de nombres. Au lieu de réécrire entièrement cette fonction, vous pouvez utiliser une bibliothèque qui fournit déjà une fonction `somme` capable de réaliser ce calcul. De cette façon, vous évitez de répéter du code et vous obtenez un programme plus efficace et plus maintenable.

**Exemples pratiques**

Voici quelques exemples de bibliothèques en C :

* La bibliothèque standard `stdlib.h` fournit une grande variété de fonctions pour les tâches telles que la gestion des mémoires, les boucles infinies, etc.
* La bibliothèque `stdio.h` fournit des fonctions pour l'entrée et la sortie de données, telles que `printf`, `scanf`, etc.
* Les bibliothèques de gestion de fichiers (`fcntl.h`, `unistd.h`) fournissent des fonctionnalités pour les opérations sur les fichiers.

**Cas d'utilisation**

Les bibliothèques sont utiles dans les situations suivantes :

* **Réutiliser du code** : Lorsque vous avez déjà écrit une fonction ou un algorithme qui est nécessaire pour votre programme, vous pouvez l'enregistrer dans une bibliothèque et la partager avec d'autres programmes.
* **Partager des ressources** : Les bibliothèques peuvent être utilisées pour partager des ressources telles que des fichiers, des mémoires, etc. entre différents programmes.
* **Améliorer la maintainabilité** : En utilisant une bibliothèque, vous pouvez facilement mettre à jour ou modifier une fonction sans avoir à toucher le reste du code.

En résumé, les bibliothèques sont un outil puissant en programmation C qui permet de réutiliser du code, de partager des ressources et d'améliorer la maintainabilité. Elles sont essentielles pour développer des programmes efficaces et fiables.",2025-06-25 13:00:27.006948,bd9dc812-4856-4213-a3f6-648e9d4cd1ae,bd9dc812-4856-4213-a3f6-648e9d4cd1ae_0,{}
c ets quoi une bibliotheque,"**Qu'est-ce qu'une bibliothèque ?**

En programmation, une bibliothèque est un ensemble de fonctions et de variables qui peuvent être utilisées pour effectuer certaines tâches spécifiques. C'est comme un livre ou un manuel qui contient des informations et des instructions prédéfinies sur comment faire certain chose.

Imaginez que vous voulez écrire une fonction pour calculer le périmètre d'un carré, mais vous n'avez pas la conviction que vous pouvez rédiger toute la logique pour y parvenir. Vous pouvez alors utiliser une bibliothèque qui contient déjà cette fonction prédefinie, sans avoir à la rédiger de zéro.

En C, les bibliothèques sont généralement représentées sous forme de fichiers objet (ou `.o`), qui contiennent les fonctions et les variables utilisées par la bibliothèque. Les développeurs peuvent alors inclure ces fichiers dans leur programme pour accéder aux fonctions et variables contenues dans la bibliothèque.

**Qu'est-ce qu'une chaîne de caractère en C ?**

Une chaîne de caractères est un objet qui représente une séquence de caractères. En C, les chaînes de caractères sont représentées sous forme d'un tableau de caractères, où chaque élément du tableau contient un seul caractère.

Un exemple de chaîne de caractère en C pourrait être :
```
char nom[] = ""Jean"";
```
Dans cet exemple, `nom` est une chaîne de caractères qui contient les trois caractères `""J""`, `""e""` et `""n""`.

**Comment déclarer une chaîne de caractère en C ?**

Il existe plusieurs façons de déclarer une chaîne de caractère en C. Voici quelques exemples :

1. En utilisant la syntaxe `[]` :
```
char nom[5] = ""Jean"";
```
Dans cet exemple, `nom` est une chaîne de caractères qui contient les trois caractères `""J""`, `""e""` et `""n""`. La taille du tableau est de 5 éléments, mais en réalité, seuls les trois premiers éléments sont utilisés.

2. En utilisant la syntaxe `const char*` :
```
const char* nom = ""Jean"";
```
Dans cet exemple, `nom` est une chaîne de caractères qui contient les trois caractères `""J""`, `""e""` et `""n""`. Le mot clé `const` indique que la chaîne ne peut pas être modifiée.

3. En utilisant l'opérateur `&` :
```
char* nom = ""Jean"";
```
Dans cet exemple, `nom` est une pointeur vers une chaîne de caractères qui contient les trois caractères `""J""`, `""e""` et `""n""`. Le mot clé `&` indique que le pointeur pointe vers l'adresse mémoire de la chaîne.

**Cas d'utilisation**

Les chaînes de caractères sont très utiles dans divers domaines, tels que :

* La saisie de données : les chaînes de caractères peuvent être utilisées pour stocker des noms, des adresses, etc.
* La mise en page : les chaînes de caractères peuvent être utilisées pour afficher des messages ou des titres sur l'écran.
* Les algorithmes : les chaînes de caractères peuvent être utilisées pour résoudre des problèmes de recherche et d'indexation.

En résumé, les bibliothèques sont des ensembles de fonctions et de variables qui peuvent être utilisés pour effectuer certaines tâches spécifiques, tandis que les chaînes de caractères sont des objets qui représentent des séquences de caractères. Les chaînes de caractères peuvent être déclarées de différentes manières en C, et elles sont très utiles dans divers domaines.",2025-06-25 12:29:07.974914,becf4bec-33e7-4489-aff5-2f7b1f05d053,becf4bec-33e7-4489-aff5-2f7b1f05d053_0,{}
10) Choisir la bonne syntaxe d’écriture de la structure itérative while :,Une erreur s'est produite. Tapez 'quiz' pour réessayer.,2025-05-26 23:54:51.837544,bf411890-0373-441c-85e3-e4e0afc8d0d0,bf411890-0373-441c-85e3-e4e0afc8d0d0_0,{}
reponse: D,Une erreur s'est produite. Tapez 'quiz' pour réessayer.,2025-05-26 23:54:51.839546,bf411890-0373-441c-85e3-e4e0afc8d0d0,bf411890-0373-441c-85e3-e4e0afc8d0d0_1,{}
bonjour,"Bonjour! Je suis votre assistant pédagogique. Je peux vous aider avec:
1. Des questions sur la programmation C (posez votre question)
2. Des quiz d'apprentissage (tapez 'quiz')
Que souhaitez-vous faire?",2025-06-24 21:44:32.340552,byblfc4u4xdmcazs6ov,byblfc4u4xdmcazs6ov_0,{}
quiz,"📝 Question:

11) Quel est le résultat du programme suivant ?

Code:
#include <stdio.h> 
void main() 
{ 
int num=-2; 
switch(num) 
{ 
case 1: 
num = num + 5; 
break; 
case -2: 
case 4: 
num = num * 2; 
break; 
case -1: 
num = 0; 
break; 
default: 
num = -1; 
} 
printf(""The result is %d\n"", num); 
}

```python
#include <stdio.h> 
void main() 
{ 
int num=-2; 
switch(num) 
{ 
case 1: 
num = num + 5; 
break; 
case -2: 
case 4: 
num = num * 2; 
break; 
case -1: 
num = 0; 
break; 
default: 
num = -1; 
} 
printf(""The result is %d\n"", num); 
}
```

Options:
A) The result is -1
B) The result is 0
C) Error
D) The result is - 4

Pour répondre, écrivez ""reponse: "" suivi de votre choix (ex: reponse: A)",2025-06-24 21:45:13.699801,byblfc4u4xdmcazs6ov,byblfc4u4xdmcazs6ov_1,{}
reponse: A,"Bonjour ! Je vois que tu as essayé de résoudre un problème d'algorithmique avec moi !

Tout d'abord, félicitations pour avoir pris le temps de t'impliquer dans ce exercice ! C'est vraiment apprécié.

Maintenant, je vais analyser ta réponse. Il semble que tu aies choisi la réponse A, mais malheureusement, c'est incorrect.

Donc, qu'est-ce qui s'est passé ? Pourquoi as-tu choisi la réponse A ?

(Attends une minute, puis réponds en fonction de la réponse de l'étudiant)

Pour continuer le quiz, tapez 'quiz'. Pour sortir, posez une question.",2025-06-24 21:45:46.581289,byblfc4u4xdmcazs6ov,byblfc4u4xdmcazs6ov_2,{}
quiz,"Veuillez choisir un chapitre parmi la liste suivante :
- Chapitre 1 _ Les entrees sorties
- Chapitre 2 _ Les structures conditionnelles
- Chapitre 3 _ Les structures répétitives
- Chapitre 4 _ Les tableaux I
- Chapitre 4 _ Les tableaux Tri & recherche II
- Chapitre 5 _ Les chaines de caractères I
- Chapitre 5 _ Les chaines de caractères II
- Chapitre 6 _ les structures
- Chapitre 7 _ Les fonctions
- Chapitre 8 _ Les pointeurs

Tapez le nom du chapitre pour continuer.",2025-06-25 13:02:03.095990,c2fc437d-9a13-4fd8-b18f-5c5b8835db32,c2fc437d-9a13-4fd8-b18f-5c5b8835db32_0,{}
Chapitre 1 _ Les entrees sorties,"📝 Question:

12) Quelle est la valeur de « y » dans ce code?

Code:
#include <stdio.h> 
B- void main() 
C- { 
D- int y = 5 * 9 / 3 + 9; 
E- }

```python
#include <stdio.h> 
B- void main() 
C- { 
D- int y = 5 * 9 / 3 + 9; 
E- }
```

Options:
A) 24
B) 3
C) 2.68
D) Dépend du compilateur
E) }

Pour répondre, écrivez ""reponse: "" suivi de votre choix (ex: reponse: A)",2025-06-25 13:02:08.569107,c2fc437d-9a13-4fd8-b18f-5c5b8835db32,c2fc437d-9a13-4fd8-b18f-5c5b8835db32_1,{}
reponse: A,"**Validation**

 ✅ Correct

La valeur de `y` est calculée comme suit :

*   La multiplication des deux nombres : `5 * 9 = 45`
*   La division du résultat par 3 : `45 / 3 = 15`
*   L'ajout du troisième nombre : `15 + 9 = 24`

La valeur de `y` est donc bien `24`.

**Explication claire de la bonne réponse**

Il faut vérifier soigneusement les étapes d'arithmétique pour calculer la valeur de `y`. Les nombres sont multipliés, divisés et ajoutés en un ordre spécifique. Il faut également prendre en compte l'ordre des opérations (PEMDAS), qui stipule que les opérations entre parenthèses doivent être effectuées avant les opérations de multiplication et division, et après les opérations d'addition et de soustraction.

**Conseils pour retenir le concept**

Pour retenir ce concept, voici quelques conseils :

*   Utilisez toujours l'ordre des opérations (PEMDAS) lors de vos calculs.
*   Vérifiez soigneusement chaque étape d'arithmétique pour vous assurer que les calculs sont corrects.
*   Pratiquez régulièrement et essayez de résoudre des problèmes similaires pour renforcer votre compréhension.

📊 Score actuel: 0/1

Pour continuer dans ce chapitre, tapez n'importe quoi. Pour changer de chapitre, tapez 'changer de chapitre'.",2025-06-25 13:02:39.230625,c2fc437d-9a13-4fd8-b18f-5c5b8835db32,c2fc437d-9a13-4fd8-b18f-5c5b8835db32_2,{}
4) Quelle expression est vraie sachant que P=1 et Q=0?,Une erreur s'est produite. Tapez 'quiz' pour réessayer.,2025-05-26 23:54:51.743537,c418535e-8d01-44b2-9161-a8332098bd83,c418535e-8d01-44b2-9161-a8332098bd83_0,{}
reponse: B,Une erreur s'est produite. Tapez 'quiz' pour réessayer.,2025-05-26 23:54:51.746545,c418535e-8d01-44b2-9161-a8332098bd83,c418535e-8d01-44b2-9161-a8332098bd83_1,{}
bonjour,"Bonjour! Je suis votre assistant pédagogique. Je peux vous aider avec:
1. Des questions sur la programmation C (posez votre question)
2. Des quiz d'apprentissage (tapez 'quiz')
Que souhaitez-vous faire?",2025-06-18 11:12:15.131805,c4381f86-316a-4f0d-88bb-4e4287dc8579,c4381f86-316a-4f0d-88bb-4e4287dc8579_0,{}
quiz,"📝 Question:

5) Soit la déclaration suivante : int tab_entiers[10] ;
Choisir la bonne réponse pour afficher le 10ème élément de ce tableau (on suppose que 
le tableau a été initialisé) :

Options:
A) printf(""%d"",tab_entiers[10]);
B) scanf(""%d"",&tab_entiers[10]);
C) printf(""%d"",tab_entiers[9]);
D) scanf(""%d"",&tab_entiers[9]);

Pour répondre, écrivez ""reponse: "" suivi de votre choix (ex: reponse: A)",2025-06-18 11:12:17.051294,c4381f86-316a-4f0d-88bb-4e4287dc8579,c4381f86-316a-4f0d-88bb-4e4287dc8579_1,{}
12) Quel est le résultat du programme suivant ?,Une erreur s'est produite. Tapez 'quiz' pour réessayer.,2025-05-26 23:54:51.784553,c6430438-fdae-45a9-9d3d-90ede06ce0e6,c6430438-fdae-45a9-9d3d-90ede06ce0e6_0,{}
reponse: A,Une erreur s'est produite. Tapez 'quiz' pour réessayer.,2025-05-26 23:54:51.787549,c6430438-fdae-45a9-9d3d-90ede06ce0e6,c6430438-fdae-45a9-9d3d-90ede06ce0e6_1,{}
quiz,"Veuillez choisir un chapitre parmi la liste suivante :
- Chapitre 1 _ Les entrees sorties
- Chapitre 2 _ Les structures conditionnelles
- Chapitre 3 _ Les structures répétitives
- Chapitre 4 _ Les tableaux I
- Chapitre 4 _ Les tableaux Tri & recherche II
- Chapitre 5 _ Les chaines de caractères I
- Chapitre 5 _ Les chaines de caractères II
- Chapitre 6 _ les structures
- Chapitre 7 _ Les fonctions
- Chapitre 8 _ Les pointeurs

Tapez le nom du chapitre pour continuer.",2025-07-07 11:23:03.617285,c74c40bc-6ecb-4251-ab48-47d249a2b09d,c74c40bc-6ecb-4251-ab48-47d249a2b09d_0,{}
quiz,"Veuillez choisir un chapitre parmi la liste suivante :
- Chapitre 1 _ Les entrees sorties
- Chapitre 2 _ Les structures conditionnelles
- Chapitre 3 _ Les structures répétitives
- Chapitre 4 _ Les tableaux I
- Chapitre 4 _ Les tableaux Tri & recherche II
- Chapitre 5 _ Les chaines de caractères I
- Chapitre 5 _ Les chaines de caractères II
- Chapitre 6 _ les structures
- Chapitre 7 _ Les fonctions
- Chapitre 8 _ Les pointeurs

Tapez le nom du chapitre pour continuer.",2025-07-07 11:23:16.247167,c74c40bc-6ecb-4251-ab48-47d249a2b09d,c74c40bc-6ecb-4251-ab48-47d249a2b09d_1,{}
Chapitre 1 _ Les entrees sorties,"📝 Question:

11) Lequel des énoncés suivants est vrai pour les noms de variables en C?

Options:
A) Ils peuvent contenir des caractères alphanumériques ainsi que des caractères spéciaux 
B) Ce n’est pas une erreur de déclarer une variable comme l’un des mots clés (commegoto, static) 
C) Les noms de variables ne peuvent pas commencer par un chiffre
D) La variable peut être de n’importe quelle longueur

Pour répondre, écrivez ""reponse: "" suivi de votre choix (ex: reponse: A)",2025-07-07 11:23:29.779181,c74c40bc-6ecb-4251-ab48-47d249a2b09d,c74c40bc-6ecb-4251-ab48-47d249a2b09d_2,{}
reponse: A,"**Validation**

❌Incorrect

**Explication**

Dans C, les noms de variables ne peuvent pas contenir certains caractères spécifiques qui sont réservés ou utilisés par les directives et les instructions du langage. Parmi ceux-ci, on trouve les caractères :

* `_` (underscore)
* `@`, `%`, `#`, `$`, `,` (comma), etc.

Par conséquent, les énoncés suivants ne sont pas tous vrai :

* `a variable name cannot contain an underscore `_`
* `@` symbol is not allowed in a variable name
* `$` symbol is not allowed in a variable name

Mais le langage C permet également de utiliser certaines préfixes et suffixes spécifiques pour les variables, comme par exemple :

* `_Global` ou `_Local` (pour les variables globales ou locales)
* `__builtin_` ou `_CRTDEF_` (pour les macros ou les fonctions)

C'est pourquoi la bonne réponse est `{C}`, car le langage C permet les noms de variable avec certains caractères spécifiques.

**Conseils pour retenir le concept**

Pour retenir ce concept, voici quelques conseils :

* Lisez attentivement les instructions et les directives du langage C.
* Familiarisez-vous avec les caractères réservés ou utilisés par les directives et les instructions.
* Utilisez des noms de variable clairs et concis pour éviter les erreurs de syntaxe.

📊 Score actuel: 0/2

Pour continuer dans ce chapitre, tapez n'importe quoi. Pour changer de chapitre, tapez 'changer de chapitre'.",2025-07-07 11:27:55.730304,c74c40bc-6ecb-4251-ab48-47d249a2b09d,c74c40bc-6ecb-4251-ab48-47d249a2b09d_3,{}
suiz,"📝 Question:

10) Quelle déclaration est fausse?

Options:
A) Une variable se réfère à un emplacement dans la mémoire
B) Une variable doit être déclarée et définie au même temps
C) Une seule variable ne peut pas être définie avec deux types différents dans la même portée  
D) Une variable définie une fois peut être définie à nouveau avec une portée différente 

Pour répondre, écrivez ""reponse: "" suivi de votre choix (ex: reponse: A)",2025-07-07 11:29:10.642599,c74c40bc-6ecb-4251-ab48-47d249a2b09d,c74c40bc-6ecb-4251-ab48-47d249a2b09d_4,{}
6) Quelle est la valeur de nb à la fin de l'exécution de ce programme ?,Une erreur s'est produite. Tapez 'quiz' pour réessayer.,2025-05-26 23:54:51.754548,c8bb6eca-6ca0-4e02-a385-c5d1b6c1de7f,c8bb6eca-6ca0-4e02-a385-c5d1b6c1de7f_0,{}
reponse: D,Une erreur s'est produite. Tapez 'quiz' pour réessayer.,2025-05-26 23:54:51.757544,c8bb6eca-6ca0-4e02-a385-c5d1b6c1de7f,c8bb6eca-6ca0-4e02-a385-c5d1b6c1de7f_1,{}
1) Une fonction est définie par : ( plusieurs réponses sont possibles),Une erreur s'est produite. Tapez 'quiz' pour réessayer.,2025-05-26 23:54:52.191545,c98475ad-14e6-4b22-ba2b-7a861291e210,c98475ad-14e6-4b22-ba2b-7a861291e210_0,{}
"reponse: A,C",Une erreur s'est produite. Tapez 'quiz' pour réessayer.,2025-05-26 23:54:52.193545,c98475ad-14e6-4b22-ba2b-7a861291e210,c98475ad-14e6-4b22-ba2b-7a861291e210_1,{}
8) Quelle est la sortie du programme suivant ?,Une erreur s'est produite. Tapez 'quiz' pour réessayer.,2025-05-26 23:54:52.312829,c9f6716a-004c-4611-ac2f-e528a8fff92b,c9f6716a-004c-4611-ac2f-e528a8fff92b_0,{}
reponse: A,Une erreur s'est produite. Tapez 'quiz' pour réessayer.,2025-05-26 23:54:52.315837,c9f6716a-004c-4611-ac2f-e528a8fff92b,c9f6716a-004c-4611-ac2f-e528a8fff92b_1,{}
bonjour,"**Quelle fonction permet de joindre deux mots ?**

Dans la programmation C, il existe plusieurs fonctions qui peuvent être utilisées pour joindre deux mots. Cependant, une des fonctions les plus couramment utilisées est `printf()`.

`printf()` est une fonction standard de C qui permet d'imprimer du texte et des valeurs sur l'écran. Elle peut également être utilisée pour joindre des chaînes de caractères en les séparant par un espace, un saut à la ligne, etc.

Voici quelques exemples :

* `printf(""Bonjour %s !"", ""Mon nom est"");` : cela affichera ""Bonjour Mon nom est !""
* `printf(""%d + %d = %d\n"", 2, 3, 5);` : cela affichera ""2 + 3 = 5""

Cependant, si vous voulez spécifiquement joindre deux chaînes de caractères, il existe une autre fonction qui est plus adaptée : `strcpy()`.

`strcpy()` est une fonction qui copie la valeur d'une chaîne de caractères dans une autre chaîne de caractères. Vous pouvez utiliser cette fonction pour joindre deux chaînes de caractères comme suit :

* `char nom[20] = ""Jean""; char prenom[20] = ""Pierre""; strcpy(nom + 1, prenom);` : cela copie la valeur de ""Pierre"" dans le premier élément du tableau `nom`, ce qui donne un résultat de `""Jean Pierre""`

En résumé, `printf()` peut être utilisée pour joindre des chaînes de caractères, mais `strcpy()` est plus spécifiquement conçu pour cela.

---

**Combien de fois s’exécute le corps de la boucle ?**

Pour comprendre combien de fois s'exécute le corps de la boucle, il faut analyser l'instruction `for (i=1 ; i<10 ; i++)` et la condition `if (i%2)`.

**Définition du concept**

La boucle `for` est une structure répétitive qui permet d'exécuter un code multiple fois. Elle est composée de trois parties :

* `initiale` : c'est le côté gauche de l'instruction, qui définit la valeur initiale de la variable de boucle.
* `condition` : c'est le côté droit de l'instruction, qui détermine si la boucle continue à s'exécuter ou non. Si la condition est vraie, la boucle continue ; sinon, elle s'arrête.
* `incrémentale` : c'est le côté central de l'instruction, qui incrémente la valeur de la variable de boucle après chaque itération.

Dans ce cas, la condition `if (i%2)` est vérifiée après chaque itération. La condition `i<10` est toujours vraie jusqu'à ce que `i` atteigne 9. Cependant, si `i` est impair (`i % 2 != 0`), alors la condition est vraie et le code s'exécute.

**Exemple pratique**

Pour comprendre cela mieux, voici un exemple de code :

```c
for (i=1 ; i<10 ; i++)  
{ 
    if (i%2) 
        printf(""la\n"");
}
```

Dans ce cas, la boucle s'exécutera 5 fois :

1. `i = 1`, condition `if (1 % 2)` est fausse, donc le code ne s'exécute pas.
2. `i = 2`, condition `if (2 % 2)` est vraie, donc le code s'exécute.
3. `i = 3`, condition `if (3 % 2)` est fausse, donc le code ne s'exécute pas.
4. `i = 4`, condition `if (4 % 2)` est vraie, donc le code s'exécute.
5. `i = 5`, condition `if (5 % 2)` est fausse, donc le code ne s'exécute pas.

**Cas d'utilisation**

Les boucles `for` sont utiles pour les tâches répétitives qui nécessitent une condition de fin prédéfinie. Elles sont particulièrement utiles pour les algorithmes qui nécessitent des itérations spécifiques.

Dans ce cas, la boucle est utilisée pour afficher un message `la` si et seulement si l'index `i` est impair. Cela permet de simplifier le code et d'éviter d'utiliser une boucle `while`.",2025-05-25 00:49:21.009343,ccca9226-97fd-4ed9-a015-d83e44a8820f,ccca9226-97fd-4ed9-a015-d83e44a8820f_0,{}
9) Le nombre d'exécution du contenu d'une boucle while dépend forcément :,Une erreur s'est produite. Tapez 'quiz' pour réessayer.,2025-05-26 23:54:51.832546,ce390187-e15e-4c2c-9f6d-d3a4e975af0d,ce390187-e15e-4c2c-9f6d-d3a4e975af0d_0,{}
reponse: B,Une erreur s'est produite. Tapez 'quiz' pour réessayer.,2025-05-26 23:54:51.835548,ce390187-e15e-4c2c-9f6d-d3a4e975af0d,ce390187-e15e-4c2c-9f6d-d3a4e975af0d_1,{}
quiz,"Veuillez choisir un chapitre parmi la liste suivante :
- Chapitre 1 _ Les entrees sorties
- Chapitre 2 _ Les structures conditionnelles
- Chapitre 3 _ Les structures répétitives
- Chapitre 4 _ Les tableaux I
- Chapitre 4 _ Les tableaux Tri & recherche II
- Chapitre 5 _ Les chaines de caractères I
- Chapitre 5 _ Les chaines de caractères II
- Chapitre 6 _ les structures
- Chapitre 7 _ Les fonctions
- Chapitre 8 _ Les pointeurs

Tapez le nom du chapitre pour continuer.",2025-07-07 11:17:20.550526,cf182d18-fd94-4964-bd37-2ad91cd2e456,cf182d18-fd94-4964-bd37-2ad91cd2e456_0,{}
bonjour,"Bonjour! Je suis votre assistant pédagogique. Je peux vous aider avec:
1. Des questions sur la programmation C (posez votre question)
2. Des quiz d'apprentissage (tapez 'quiz')
Que souhaitez-vous faire?",2025-06-17 16:18:05.184012,d0d2c360-57b6-4702-92ef-5b6bf0333a47,d0d2c360-57b6-4702-92ef-5b6bf0333a47_0,{}
quiz,"📝 Question:

9) Que renvoie la fonction strcmp (comparaison de chaînes) si les 2 chaînes comparées sont identiques ?

Options:
A) -1
B) 0
C) 1

Pour répondre, écrivez ""reponse: "" suivi de votre choix (ex: reponse: A)",2025-06-17 16:18:08.570245,d0d2c360-57b6-4702-92ef-5b6bf0333a47,d0d2c360-57b6-4702-92ef-5b6bf0333a47_1,{}
reponse: A,"Salut !

Je vois que tu as essayé de répondre à la question sur la fonction strcmp, mais il semblerait que tu aies fait une erreur.

Analysons ensemble ce qui s'est passé ! Tu as répondu ""A"", mais la bonne réponse est en fait ""B"". Pas de problème, c'est tout à fait normal d'avoir des fautes !

Donc, qu'est-ce que la fonction strcmp fait exactement ? Eh bien, elle compare deux chaînes de caractères et retourne une valeur qui indique leur relation. Si les chaînes sont identiques, la fonction strcmp retourne 0.

Alors, si on applique cela à notre question, si les deux chaînes comparées sont identiques, la fonction strcmp devrait retourner 0, ce qui correspond à la valeur ""B"" !

Mais pourquoi est-ce que tu as répondu ""A"" ? Eh bien, c'est peut-être parce que tu n'as pas vraiment compris comment fonctionne cette fonction. C'est tout à fait normal ! Il faut souvent un peu de temps pour comprendre les choses nouvelles.

Donc, je veux te donner une explication détaillée : la fonction strcmp est utilisée pour comparer des chaînes de caractères, et si elles sont identiques, elle retourne 0. C'est comme si tu étais à un marché et que tu cherchas à trouver ton ami qui t'a promis d'aller voir une nouvelle pièce de cinéma ce soir en même temps ! Tu devrais demander à ton ami quelle chaîne il préfère, la première ou la dernière, et si elles sont identiques, alors tu devrais dire que c'est pareil !

Alors, ne t'inquiète pas pour ta réponse initiale, tout est pardonné ! Qu'est-ce que tu en penses maintenant ? Veux-tu essayer à nouveau avec une nouvelle chaîne de caractères ?

Encore une fois, salut et bonne chance pour ton prochain essai !

Pour continuer le quiz, tapez 'quiz'. Pour sortir, posez une question.",2025-06-17 16:18:42.394305,d0d2c360-57b6-4702-92ef-5b6bf0333a47,d0d2c360-57b6-4702-92ef-5b6bf0333a47_2,{}
"8) Soit les déclarations suivantes :
int n=100; 
int tab[n]; 
Choisir la bonne réponse : ",Une erreur s'est produite. Tapez 'quiz' pour réessayer.,2025-05-26 23:54:51.891549,d17eb8ab-7d57-4492-b70b-ab3e9dfe1988,d17eb8ab-7d57-4492-b70b-ab3e9dfe1988_0,{}
reponse: D,Une erreur s'est produite. Tapez 'quiz' pour réessayer.,2025-05-26 23:54:51.896555,d17eb8ab-7d57-4492-b70b-ab3e9dfe1988,d17eb8ab-7d57-4492-b70b-ab3e9dfe1988_1,{}
11) Quelle fonction retourne la longueur d'une chaîne de caractères?,Une erreur s'est produite. Tapez 'quiz' pour réessayer.,2025-05-26 23:54:52.077544,d37413fb-9de0-4b3f-885c-710b7a8b4010,d37413fb-9de0-4b3f-885c-710b7a8b4010_0,{}
reponse: C,Une erreur s'est produite. Tapez 'quiz' pour réessayer.,2025-05-26 23:54:52.080545,d37413fb-9de0-4b3f-885c-710b7a8b4010,d37413fb-9de0-4b3f-885c-710b7a8b4010_1,{}
bonjour,"**Bonjour !**

Je suis ravi de vous aider à comprendre les concepts de programmation C, notamment dans ce chapitre sur les structures répétitives.

**1. Définissant le concept : La boucle for et la boucle while**

Dans la programmation C, les boucles sont des structures qui permettent d'exécuter un code répété. Il existe deux types principaux de boucles : la boucle `for` et la boucle `while`.

*   **La boucle `for`** : cette boucle est utilisée pour exécuter un code répété une certaine quantité de fois, en fonction d'une condition initiale et d'une condition de finition. La boucle `for` est souvent utilisée avec les variables qui prennent des valeurs spécifiques.
*   **La boucle `while`** : cette boucle est utilisée pour exécuter un code répété tant que la condition spécifiée reste vraie. La boucle `while` est souvent utilisée avec des conditions qui ne dépendent pas de variables.

**2. Exemples pratiques**

**Exemple 1 : Boucle for**

```c
for (i = 1 ; i < 10 ; i++) {
    printf(""%d\n"", i);
}
```

Dans cet exemple, la boucle `for` est utilisée pour imprimer les nombres de 1 à 9. La variable `i` commence à 1 et augmente jusqu'à atteindre 10, mais nous utilisons `i < 10` comme condition de finition pour arrêter la boucle.

**Exemple 2 : Boucle while**

```c
int i = 0;
while (i <= 5) {
    printf(""%d\n"", i);
    i++;
}
```

Dans cet exemple, la boucle `while` est utilisée pour imprimer les nombres de 0 à 5. La variable `i` commence à 0 et augmente jusqu'à atteindre 6, mais nous utilisons `i <= 5` comme condition d'entrée pour commencer la boucle.

**3. Transformer une boucle for en une boucle while**

Maintenant, voyons comment transformer la boucle `for` en une boucle `while`. On commence par la boucle `for` donnée :

```c
for (i = 10 ; i > -25 ; i = i - 5) {
    printf(""passage\n"");
}
```

Pour transformer cette boucle en une boucle `while`, nous pouvons réécrire les conditions de finition et d'entrée comme suit :

```c
int i = 10;
while (i <= -25) {
    printf(""passage\n"");
    i -= 5;
}
```

Dans cet exemple, la variable `i` commence à 10 et diminue de 5 pour chaque itération de la boucle. La condition d'entrée est `i <= -25`, ce qui permet à la boucle de continuer à exécuter le code tant que `i` est inférieur ou égal à -25.

**Cas d'utilisation**

*   Les boucles `for` sont souvent utilisées lorsque vous devez exécuter un code répété une certaine quantité de fois, en fonction de conditions spécifiques.
*   Les boucles `while` sont souvent utilisées lorsque vous devez exécuter un code répété tant que une condition spécifique reste vraie.
*   Vous pouvez transformer une boucle `for` en une boucle `while` en réécrivant les conditions de finition et d'entrée.",2025-05-25 00:41:17.162617,d584ebcc-2cc3-47dd-ac19-27462e9b59d1,d584ebcc-2cc3-47dd-ac19-27462e9b59d1_0,{}
10) Quelle est la sortie du programme suivant ?,Une erreur s'est produite. Tapez 'quiz' pour réessayer.,2025-05-26 23:54:52.327832,d721f42d-683b-40e2-b839-ddc2aa513cf1,d721f42d-683b-40e2-b839-ddc2aa513cf1_0,{}
reponse: D,Une erreur s'est produite. Tapez 'quiz' pour réessayer.,2025-05-26 23:54:52.330835,d721f42d-683b-40e2-b839-ddc2aa513cf1,d721f42d-683b-40e2-b839-ddc2aa513cf1_1,{}
"2) Quel type de recherche peut-on mener sur le tableau suivant {15, 48, 6 , 78, 15,0} ?",Une erreur s'est produite. Tapez 'quiz' pour réessayer.,2025-05-26 23:54:51.937552,d7a1c293-80e1-4ccb-baf1-4f2b4b333fe4,d7a1c293-80e1-4ccb-baf1-4f2b4b333fe4_0,{}
reponse: B,Une erreur s'est produite. Tapez 'quiz' pour réessayer.,2025-05-26 23:54:51.940545,d7a1c293-80e1-4ccb-baf1-4f2b4b333fe4,d7a1c293-80e1-4ccb-baf1-4f2b4b333fe4_1,{}
4) Quelle valeur possède par défaut un pointeur non initialisé ?,Une erreur s'est produite. Tapez 'quiz' pour réessayer.,2025-05-26 23:54:52.286831,d7d9bafc-0b98-42ba-a7a6-159a520a86a6,d7d9bafc-0b98-42ba-a7a6-159a520a86a6_0,{}
reponse: A,Une erreur s'est produite. Tapez 'quiz' pour réessayer.,2025-05-26 23:54:52.289837,d7d9bafc-0b98-42ba-a7a6-159a520a86a6,d7d9bafc-0b98-42ba-a7a6-159a520a86a6_1,{}
quiz,"📝 Question:

10) Où sont déclarées les variables locales ?

Options:
A) Au début du programme principal.
B) Au début de chaque fonction où elles interviennent.
C) Elles sont passées en paramètres dans la déclaration de la fonction.

Pour répondre, écrivez ""reponse: "" suivi de votre choix (ex: reponse: A)",2025-06-01 17:54:59.867543,d7dd03bc-2d21-4818-acc9-82e9ed6f21d2,d7dd03bc-2d21-4818-acc9-82e9ed6f21d2_0,{}
reponse: A,"Salut ! 

Je vois que tu as répondu à la question sur les variables locales avec ""A"". Je veux te féliciter pour avoir tenté de répondre, c'est déjà un grand pas !

Maintenant, je vais t'aider à comprendre ce qui s'est passé. La bonne réponse est en réalité ""B"", mais je comprends que tu as pu être incertain.

Les variables locales sont déclarées dans une fonction ou un bloc de code spécifique, et non partout ailleurs. En d'autres termes, chaque variable locale est liée à une seule fonction ou bloc de code, et ne peut pas être accédée depuis n'importe où ailleurs.

Imagine que tu as une boîte avec deux compartiments : un pour les variables locales et un pour les variables globales. Les variables locales sont stockées dans le compartiment local, tandis que les variables globales sont stockées dans le compartiment global qui est accessible depuis n'importe où.

Donc, la bonne réponse est ""B"" parce que c'est là que tu devrais trouver les variables locales. Et ne t'inquiète pas si tu as fait une erreur, c'est tout à fait normal ! Le but est d'apprendre et de progresser, et je suis là pour t'aider.

Alors, quelle est la prochaine question qui te dérange ? N'hésite pas à me demander de l'aide !

Pour continuer le quiz, tapez 'quiz'. Pour sortir, posez une question.",2025-06-01 17:55:46.599037,d7dd03bc-2d21-4818-acc9-82e9ed6f21d2,d7dd03bc-2d21-4818-acc9-82e9ed6f21d2_1,{}
C est quoi un pointeur,Tapez 'quiz' pour commencer.,2025-06-01 17:56:21.297267,d7dd03bc-2d21-4818-acc9-82e9ed6f21d2,d7dd03bc-2d21-4818-acc9-82e9ed6f21d2_2,{}
8) La fonction « strcpy » permet de :,Une erreur s'est produite. Tapez 'quiz' pour réessayer.,2025-05-26 23:54:52.148547,d97cb7e9-4f07-4943-9c2b-e781d3bee4eb,d97cb7e9-4f07-4943-9c2b-e781d3bee4eb_0,{}
reponse: B,Une erreur s'est produite. Tapez 'quiz' pour réessayer.,2025-05-26 23:54:52.151542,d97cb7e9-4f07-4943-9c2b-e781d3bee4eb,d97cb7e9-4f07-4943-9c2b-e781d3bee4eb_1,{}
13) Que sera le résultat du programme C suivant ?,Une erreur s'est produite. Tapez 'quiz' pour réessayer.,2025-05-26 23:54:52.088548,d9e0c7db-859a-49ff-ad8b-912fa9f2018c,d9e0c7db-859a-49ff-ad8b-912fa9f2018c_0,{}
reponse: A,Une erreur s'est produite. Tapez 'quiz' pour réessayer.,2025-05-26 23:54:52.090542,d9e0c7db-859a-49ff-ad8b-912fa9f2018c,d9e0c7db-859a-49ff-ad8b-912fa9f2018c_1,{}
"7) Lors de la recherche séquentielle d’un élément dans un tableau, le cas le plus pire  
se produit dans cet algorithme lorsque ________? ",Une erreur s'est produite. Tapez 'quiz' pour réessayer.,2025-05-26 23:54:51.968551,da847976-3927-43da-953b-5d2843b66545,da847976-3927-43da-953b-5d2843b66545_0,{}
reponse: D,Une erreur s'est produite. Tapez 'quiz' pour réessayer.,2025-05-26 23:54:51.971549,da847976-3927-43da-953b-5d2843b66545,da847976-3927-43da-953b-5d2843b66545_1,{}
1) A partir de quel indice commence un tableau,Une erreur s'est produite. Tapez 'quiz' pour réessayer.,2025-05-26 23:54:51.854538,df440eb3-00c7-40f5-9325-f1ed24922c17,df440eb3-00c7-40f5-9325-f1ed24922c17_0,{}
reponse: B,Une erreur s'est produite. Tapez 'quiz' pour réessayer.,2025-05-26 23:54:51.857542,df440eb3-00c7-40f5-9325-f1ed24922c17,df440eb3-00c7-40f5-9325-f1ed24922c17_1,{}
2) Lequel des éléments suivants est une chaîne de caractère?,Une erreur s'est produite. Tapez 'quiz' pour réessayer.,2025-05-26 23:54:52.028547,df7fcd82-da9d-4781-8d22-01b55bdc7a76,df7fcd82-da9d-4781-8d22-01b55bdc7a76_0,{}
reponse: B,Une erreur s'est produite. Tapez 'quiz' pour réessayer.,2025-05-26 23:54:52.030547,df7fcd82-da9d-4781-8d22-01b55bdc7a76,df7fcd82-da9d-4781-8d22-01b55bdc7a76_1,{}
7) Quelle est l'autre façon d'initialiser mon tableau avec ces valeurs ?,Une erreur s'est produite. Tapez 'quiz' pour réessayer.,2025-05-26 23:54:51.883540,e206834d-5fc5-4a61-be92-ffc7612071fc,e206834d-5fc5-4a61-be92-ffc7612071fc_0,{}
reponse: D,Une erreur s'est produite. Tapez 'quiz' pour réessayer.,2025-05-26 23:54:51.886541,e206834d-5fc5-4a61-be92-ffc7612071fc,e206834d-5fc5-4a61-be92-ffc7612071fc_1,{}
hello,"Bonjour! Je suis votre assistant pédagogique. Je peux vous aider avec:
1. Des questions sur la programmation C (posez votre question)
2. Des quiz d'apprentissage (tapez 'quiz')
Que souhaitez-vous faire?",2025-06-01 20:31:59.027960,e464d20a-8189-4567-aa4f-75ef7eb6d8fe,e464d20a-8189-4567-aa4f-75ef7eb6d8fe_0,{}
quiz,"📝 Question:

7) La fonction « strlen » permet de Calculer la longueur d’une chaine :

Options:
a) En comptabilisant le caractère ‘\0’.
b) Sans comptabiliser le caractère ‘\0’.

Pour répondre, écrivez ""reponse: "" suivi de votre choix (ex: reponse: A)",2025-06-01 20:32:02.583088,e464d20a-8189-4567-aa4f-75ef7eb6d8fe,e464d20a-8189-4567-aa4f-75ef7eb6d8fe_1,{}
reponse: A,"Cher étudiant,

Merci de t'être intéressé par la question sur la fonction `strlen` ! J'apprécie ta confiance en moi pour obtenir des clarifications.

Je vais analyses ta réponse avec bienveillance. Ta réponse est : A, mais il faut nous en dire plus... Et c'est exactement ce que je vais essayer de faire !

La bonne réponse, et celle qui correspond à la fonction `strlen`, est en fait B. Mais pourquoi ? Eh bien, la fonction `strlen` permet de calculer la longueur d'une chaîne de caractères, c'est-à-dire le nombre d'éléments de la chaîne.

Alors, comment peut-on dire que ta réponse A est incorrecte alors qu'elle correspond au choix B ? Eh bien, c'est parce que A n'est pas une fonction, mais plutôt un nombre. La fonction `strlen` prend une chaîne de caractères en entrée et renvoie le résultat comme un entier.

Donc, pour répondre correctement à la question, il faut choisir le choix B qui correspond à la bonne fonction. Et maintenant, je sais que tu as compris un peu mieux comment ça marche !

Tu fais un excellent progrès, continue ainsi ! La difficulté est dans l'apprentissage et les expériences, mais aussi pour demander de l'aide quand on en a besoin. Tu es en droit de demander à moi de clarifier tout ce qui t'est obscur.

Enfin, ne te décourage pas si tu commets des erreurs. C'est là que l'apprentissage est le plus important !

Pour continuer le quiz, tapez 'quiz'. Pour sortir, posez une question.",2025-06-01 20:32:36.600869,e464d20a-8189-4567-aa4f-75ef7eb6d8fe,e464d20a-8189-4567-aa4f-75ef7eb6d8fe_2,{}
"7) Pour modifier la moyenne de l'étudiant e2 à 17, on peut écrire:",Une erreur s'est produite. Tapez 'quiz' pour réessayer.,2025-05-26 23:54:52.178544,e48d0728-f622-4fb2-b75b-c838316c016f,e48d0728-f622-4fb2-b75b-c838316c016f_0,{}
reponse: C,Une erreur s'est produite. Tapez 'quiz' pour réessayer.,2025-05-26 23:54:52.180544,e48d0728-f622-4fb2-b75b-c838316c016f,e48d0728-f622-4fb2-b75b-c838316c016f_1,{}
12) Quelle est la valeur de « y » dans ce code?,Une erreur s'est produite. Tapez 'quiz' pour réessayer.,2025-05-26 23:54:51.703545,e8b153ab-f24a-451c-984d-710e9f16792b,e8b153ab-f24a-451c-984d-710e9f16792b_0,{}
reponse: A,Une erreur s'est produite. Tapez 'quiz' pour réessayer.,2025-05-26 23:54:51.705547,e8b153ab-f24a-451c-984d-710e9f16792b,e8b153ab-f24a-451c-984d-710e9f16792b_1,{}
11) Quel est le résultat du programme suivant ?,Une erreur s'est produite. Tapez 'quiz' pour réessayer.,2025-05-26 23:54:51.780553,ec3215c7-0b17-44c9-8d30-33082aa3464d,ec3215c7-0b17-44c9-8d30-33082aa3464d_0,{}
reponse: D,Une erreur s'est produite. Tapez 'quiz' pour réessayer.,2025-05-26 23:54:51.782547,ec3215c7-0b17-44c9-8d30-33082aa3464d,ec3215c7-0b17-44c9-8d30-33082aa3464d_1,{}
14) Soit le programme suivant :,Une erreur s'est produite. Tapez 'quiz' pour réessayer.,2025-05-26 23:54:51.922554,ecda00b6-964c-4ec9-999b-6047d9218233,ecda00b6-964c-4ec9-999b-6047d9218233_0,{}
reponse: A,Une erreur s'est produite. Tapez 'quiz' pour réessayer.,2025-05-26 23:54:51.926557,ecda00b6-964c-4ec9-999b-6047d9218233,ecda00b6-964c-4ec9-999b-6047d9218233_1,{}
bonjour,"Bonjour! Je suis votre assistant pédagogique. Je peux vous aider avec:
1. Des questions sur la programmation C (posez votre question)
2. Des quiz d'apprentissage (tapez 'quiz')
Que souhaitez-vous faire?",2025-05-25 01:05:28.046640,ed4bb1da-6dc0-4281-a107-94f5b2627455,ed4bb1da-6dc0-4281-a107-94f5b2627455_0,{}
quiz,"📝 Question:

10) Afin de comparer deux chaines de caractère nous utilisons la fonction :

Options:
a) Strcmp
b) Strcmpr
c) strcomp

Pour répondre, écrivez ""reponse: "" suivi de votre choix (ex: reponse: A)",2025-05-25 01:06:10.826988,ed4bb1da-6dc0-4281-a107-94f5b2627455,ed4bb1da-6dc0-4281-a107-94f5b2627455_1,{}
6) Considérons le programme suivant. Quelle est la sortie à l'écran ?,Une erreur s'est produite. Tapez 'quiz' pour réessayer.,2025-05-26 23:54:52.214546,ed5ccecf-989a-4767-b3d9-49c0ef26b8b5,ed5ccecf-989a-4767-b3d9-49c0ef26b8b5_0,{}
reponse: B,Une erreur s'est produite. Tapez 'quiz' pour réessayer.,2025-05-26 23:54:52.216548,ed5ccecf-989a-4767-b3d9-49c0ef26b8b5,ed5ccecf-989a-4767-b3d9-49c0ef26b8b5_1,{}
11) Quelle est la sortie du programme C suivant ?,Une erreur s'est produite. Tapez 'quiz' pour réessayer.,2025-05-26 23:54:51.842542,ed997893-55a0-4065-b732-f5154ebfbe17,ed997893-55a0-4065-b732-f5154ebfbe17_0,{}
reponse: B,Une erreur s'est produite. Tapez 'quiz' pour réessayer.,2025-05-26 23:54:51.844544,ed997893-55a0-4065-b732-f5154ebfbe17,ed997893-55a0-4065-b732-f5154ebfbe17_1,{}
quiz,"📝 Question:

9) En C, pour lire une valeur entière dans la variable A, on peut faire :

Options:
B) printf ( ""%d"", A);
C) scanf (""%d"", &A);
D) scanf (""%d"", A);

Pour répondre, écrivez ""reponse: "" suivi de votre choix (ex: reponse: A)",2025-06-01 20:20:48.882729,ef9accc9-784a-477b-8a36-523d277e64eb,ef9accc9-784a-477b-8a36-523d277e64eb_0,{}
quiz,"📝 Question:

10) Où sont déclarées les variables locales ?

Options:
A) Au début du programme principal.
B) Au début de chaque fonction où elles interviennent.
C) Elles sont passées en paramètres dans la déclaration de la fonction.

Pour répondre, écrivez ""reponse: "" suivi de votre choix (ex: reponse: A)",2025-06-01 20:20:52.337708,ef9accc9-784a-477b-8a36-523d277e64eb,ef9accc9-784a-477b-8a36-523d277e64eb_1,{}
quiz,"📝 Question:

5) Dans quel cas l'instruction return n'est pas obligatoire ?

Options:
A) Quand la fonction ne prend aucun paramètre en entrée
B) Quand la fonction est de type void
C) Quand la fonction doit renvoyer 0

Pour répondre, écrivez ""reponse: "" suivi de votre choix (ex: reponse: A)",2025-06-01 20:20:55.494880,ef9accc9-784a-477b-8a36-523d277e64eb,ef9accc9-784a-477b-8a36-523d277e64eb_2,{}
quiz,"📝 Question:

6) L’opérateur d’adresse est utilisé dans la fonction :

Options:
a) Scanf()
b) Puts()
c) Printf()

Pour répondre, écrivez ""reponse: "" suivi de votre choix (ex: reponse: A)",2025-06-01 20:20:58.002678,ef9accc9-784a-477b-8a36-523d277e64eb,ef9accc9-784a-477b-8a36-523d277e64eb_3,{}
quiz,"📝 Question:

7) Choisir la bonne réponse:
Ces instructions : int x; do { scanf(''%d'',&x); } while ((x<-51) || (x>=502 ));

Options:
A) saisissent un entier compris dans [-51,502]
B) saisissent un entier compris dans [-50, 501]
C) saisissent un entier compris dans [-51, 501]

Pour répondre, écrivez ""reponse: "" suivi de votre choix (ex: reponse: A)",2025-06-01 20:21:00.429960,ef9accc9-784a-477b-8a36-523d277e64eb,ef9accc9-784a-477b-8a36-523d277e64eb_4,{}
quiz,"📝 Question:

12) Que sera le résultat du programme C suivant ?

Code:
#include<stdio.h> 
#include<string.h> 
int main() 
{ 
char str1[20] = ""Hello"", str2[20] = "" World""; 
printf(""%s\n"", strcpy(str2, strcat(str1, str2))); 
return 0; 
}

```python
#include<stdio.h> 
#include<string.h> 
int main() 
{ 
char str1[20] = ""Hello"", str2[20] = "" World""; 
printf(""%s\n"", strcpy(str2, strcat(str1, str2))); 
return 0; 
}
```

Options:
A) Hello
B) World
C) Hello World
D) WorldHello

Pour répondre, écrivez ""reponse: "" suivi de votre choix (ex: reponse: A)",2025-06-01 20:21:02.966050,ef9accc9-784a-477b-8a36-523d277e64eb,ef9accc9-784a-477b-8a36-523d277e64eb_5,{}
3) Quelle est la bonne syntaxe pour déclarer un pointeur sur un nombre entier (int) : ,Une erreur s'est produite. Tapez 'quiz' pour réessayer.,2025-05-26 23:54:52.281833,f034cab7-88bf-4e1f-b5a9-9fa7924ad983,f034cab7-88bf-4e1f-b5a9-9fa7924ad983_0,{}
reponse: B,Une erreur s'est produite. Tapez 'quiz' pour réessayer.,2025-05-26 23:54:52.283836,f034cab7-88bf-4e1f-b5a9-9fa7924ad983,f034cab7-88bf-4e1f-b5a9-9fa7924ad983_1,{}
"14) Le programme C suivant tente de chercher un élément x dans un tableau Y en
utilisant la recherche dichotomique. Ce programme est erroné. Sur quelles valeurs de Y 
et x le programme échoue-t-il ? ",Une erreur s'est produite. Tapez 'quiz' pour réessayer.,2025-05-26 23:54:52.012556,f22c64ed-9c14-451d-9f5b-37d026a6b932,f22c64ed-9c14-451d-9f5b-37d026a6b932_0,{}
reponse: C,Une erreur s'est produite. Tapez 'quiz' pour réessayer.,2025-05-26 23:54:52.015547,f22c64ed-9c14-451d-9f5b-37d026a6b932,f22c64ed-9c14-451d-9f5b-37d026a6b932_1,{}
15) Que sera le résultat du programme C suivant ?,Une erreur s'est produite. Tapez 'quiz' pour réessayer.,2025-05-26 23:54:51.798549,f36415fb-edd4-495d-abb0-44c335d17ced,f36415fb-edd4-495d-abb0-44c335d17ced_0,{}
reponse: C,Une erreur s'est produite. Tapez 'quiz' pour réessayer.,2025-05-26 23:54:51.800540,f36415fb-edd4-495d-abb0-44c335d17ced,f36415fb-edd4-495d-abb0-44c335d17ced_1,{}
"5) On considère le tableau trié suivant : Tab = {1, 4, 6, 7, 9, 10, 14}; Nous souhaitons 
chercher la valeur 9 en utilisant le principe de la recherche dichotomique.  Déterminer 
le nombre de comparaisons effectuées ainsi que les éléments examinés. ",Une erreur s'est produite. Tapez 'quiz' pour réessayer.,2025-05-26 23:54:51.950551,f45ff9c8-1f5d-4ea0-8e3a-cd8c6d3a4029,f45ff9c8-1f5d-4ea0-8e3a-cd8c6d3a4029_0,{}
reponse: A,Une erreur s'est produite. Tapez 'quiz' pour réessayer.,2025-05-26 23:54:51.955553,f45ff9c8-1f5d-4ea0-8e3a-cd8c6d3a4029,f45ff9c8-1f5d-4ea0-8e3a-cd8c6d3a4029_1,{}
quiz,"📝 Question:

8) Soit les déclarations suivantes :
int n=100; 
int tab[n]; 
Choisir la bonne réponse :

Options:
A) On déclare un tableau tab de taille 100.
B) On déclare un tableau tab de taille n.
C) Les réponses A et B sont correctes.
D) On ne peut pas déclarer un tableau en utilisant une variable pour la taille.

Pour répondre, écrivez ""reponse: "" suivi de votre choix (ex: reponse: A)",2025-06-01 17:51:56.067363,f544c7be-ff34-48ba-8549-64bc05a80f82,f544c7be-ff34-48ba-8549-64bc05a80f82_0,{}
reponse: A,"Salut !

Je vois que tu as posé une question sur les déclarations et qu'une réponse a été donnée. Je vais essayer de t'aider, mais d'abord, je dois te dire que la réponse que tu as donnée est un peu... inquiétante !

Dis-moi, quel est le problème avec ta réponse ? Qu'est-ce qui t'a conduit à choisir la réponse A lorsque la bonne réponse est bien D ?

Ne t'inquiète pas, c'est normal de faire des erreurs. L'important est de comprendre pourquoi et d'apprendre de là !

Alors, allons-y ! Qu'est-ce que tu as réfléchi avant de choisir ta réponse ? Et qu'est-ce qui te fait penser que la bonne réponse est bien D ?

Je suis là pour t'aider et te soutenir. N'hésite pas à me partager tes pensées et je vais essayer de t'expliquer ce qui s'est passé !

Et n'oublie pas, tout le monde peut faire des erreurs, même les plus bons. C'est comment on apprend qu'il est important !

Pour continuer le quiz, tapez 'quiz'. Pour sortir, posez une question.",2025-06-01 17:52:34.091393,f544c7be-ff34-48ba-8549-64bc05a80f82,f544c7be-ff34-48ba-8549-64bc05a80f82_1,{}
12) Soit le programme suivant : Quelle est la sortie de ce programme ? ,Une erreur s'est produite. Tapez 'quiz' pour réessayer.,2025-05-26 23:54:52.339837,f82f0605-a133-4d85-971b-ae3499e84d5e,f82f0605-a133-4d85-971b-ae3499e84d5e_0,{}
reponse: C,Une erreur s'est produite. Tapez 'quiz' pour réessayer.,2025-05-26 23:54:52.342836,f82f0605-a133-4d85-971b-ae3499e84d5e,f82f0605-a133-4d85-971b-ae3499e84d5e_1,{}
10) Où sont déclarées les variables locales ?,Une erreur s'est produite. Tapez 'quiz' pour réessayer.,2025-05-26 23:54:52.237347,f8e25e99-9a06-490f-9d4f-4b8166487598,f8e25e99-9a06-490f-9d4f-4b8166487598_0,{}
reponse: B,Une erreur s'est produite. Tapez 'quiz' pour réessayer.,2025-05-26 23:54:52.239695,f8e25e99-9a06-490f-9d4f-4b8166487598,f8e25e99-9a06-490f-9d4f-4b8166487598_1,{}
"4) Pour initialiser les champs d'une structure, on doit les séparer par des virgules et les mettre entre: ",Une erreur s'est produite. Tapez 'quiz' pour réessayer.,2025-05-26 23:54:52.170550,fa23b713-d798-46a7-ab75-6ce12c2da873,fa23b713-d798-46a7-ab75-6ce12c2da873_0,{}
reponse: A,Une erreur s'est produite. Tapez 'quiz' pour réessayer.,2025-05-26 23:54:52.172543,fa23b713-d798-46a7-ab75-6ce12c2da873,fa23b713-d798-46a7-ab75-6ce12c2da873_1,{}
9) Laquelle des déclarations suivantes est correcte pour l'instruction switch...case ?,Une erreur s'est produite. Tapez 'quiz' pour réessayer.,2025-05-26 23:54:51.769546,fb103b38-acdb-48e5-a34e-5aa76a737d06,fb103b38-acdb-48e5-a34e-5aa76a737d06_0,{}
reponse: C,Une erreur s'est produite. Tapez 'quiz' pour réessayer.,2025-05-26 23:54:51.771545,fb103b38-acdb-48e5-a34e-5aa76a737d06,fb103b38-acdb-48e5-a34e-5aa76a737d06_1,{}
"1) Un enregistrement, appelé structure en langage C, est une variable complexe qui permet de désigner un 
ensemble de valeurs:",Une erreur s'est produite. Tapez 'quiz' pour réessayer.,2025-05-26 23:54:52.162544,fb3c300a-a0ca-4079-a879-b5133ce54294,fb3c300a-a0ca-4079-a879-b5133ce54294_0,{}
reponse: B,Une erreur s'est produite. Tapez 'quiz' pour réessayer.,2025-05-26 23:54:52.164544,fb3c300a-a0ca-4079-a879-b5133ce54294,fb3c300a-a0ca-4079-a879-b5133ce54294_1,{}
"7) Choisir la bonne réponse:
Ces instructions : int x; do { scanf(''%d'',&x); } while ((x<-51) || (x>=502 ));  ",Une erreur s'est produite. Tapez 'quiz' pour réessayer.,2025-05-26 23:54:51.824542,fbb003b2-7eb6-480a-96d0-39ee7abc48e6,fbb003b2-7eb6-480a-96d0-39ee7abc48e6_0,{}
reponse: C,Une erreur s'est produite. Tapez 'quiz' pour réessayer.,2025-05-26 23:54:51.826544,fbb003b2-7eb6-480a-96d0-39ee7abc48e6,fbb003b2-7eb6-480a-96d0-39ee7abc48e6_1,{}
3) La longueur d’une chaine de caractère est égale à :,Une erreur s'est produite. Tapez 'quiz' pour réessayer.,2025-05-26 23:54:52.117541,fbc69728-8680-4530-94b5-6c293c9425bb,fbc69728-8680-4530-94b5-6c293c9425bb_0,{}
reponse: C,Une erreur s'est produite. Tapez 'quiz' pour réessayer.,2025-05-26 23:54:52.125571,fbc69728-8680-4530-94b5-6c293c9425bb,fbc69728-8680-4530-94b5-6c293c9425bb_1,{}
"quiz
","📝 Question:

9) Pour déclarer un tableau ""MaClasse"" de 40 étudiants de cette structure, on peut écrire:

Code:
struct etudiant
{
   int cin ; 
   float note[10];
   float moyenne;
};
struct etudiant e1 , e2 , e3 ;

```python
struct etudiant
{
   int cin ; 
   float note[10];
   float moyenne;
};
struct etudiant e1 , e2 , e3 ;
```

Options:
A) struct etudiant MaCalasse[40];
B)  etudiant MaCalasse[40]; 
C) struct etudiant MaCalasse[39];
D) struct Etudiant MaCalasse[40]; 

Pour répondre, écrivez ""reponse: "" suivi de votre choix (ex: reponse: A)",2025-06-01 15:10:58.504057,fc92b738-a9ec-4d8f-a54b-046ac085a6c3,fc92b738-a9ec-4d8f-a54b-046ac085a6c3_0,{}
"3) Quel est le format utilisé pour afficher une chaîne de caractères ou un tableau de
caractères dans la fonction  printf ou scanf ? ",Une erreur s'est produite. Tapez 'quiz' pour réessayer.,2025-05-26 23:54:52.033546,fccc0693-e8e2-4e21-92dd-9761478413b6,fccc0693-e8e2-4e21-92dd-9761478413b6_0,{}
reponse: C,Une erreur s'est produite. Tapez 'quiz' pour réessayer.,2025-05-26 23:54:52.035544,fccc0693-e8e2-4e21-92dd-9761478413b6,fccc0693-e8e2-4e21-92dd-9761478413b6_1,{}
bonjour,"Veuillez choisir un chapitre parmi la liste suivante :
- Chapitre 1 _ Les entrees sorties
- Chapitre 2 _ Les structures conditionnelles
- Chapitre 3 _ Les structures répétitives
- Chapitre 4 _ Les tableaux I
- Chapitre 4 _ Les tableaux Tri & recherche II
- Chapitre 5 _ Les chaines de caractères I
- Chapitre 5 _ Les chaines de caractères II
- Chapitre 6 _ les structures
- Chapitre 7 _ Les fonctions
- Chapitre 8 _ Les pointeurs

Tapez le nom du chapitre pour continuer.",2025-06-25 11:34:43.404849,fd2b8163-dd27-4c8b-8ad0-57cd38e40f70,fd2b8163-dd27-4c8b-8ad0-57cd38e40f70_0,{}
1) Que sera le résultat du code C suivant ?,Une erreur s'est produite. Tapez 'quiz' pour réessayer.,2025-05-26 23:54:51.728545,fd80b4f5-9c02-4512-b91d-943f2e1af544,fd80b4f5-9c02-4512-b91d-943f2e1af544_0,{}
reponse: D,Une erreur s'est produite. Tapez 'quiz' pour réessayer.,2025-05-26 23:54:51.731551,fd80b4f5-9c02-4512-b91d-943f2e1af544,fd80b4f5-9c02-4512-b91d-943f2e1af544_1,{}
bonjour,"Veuillez choisir un chapitre parmi la liste suivante :
- Chapitre 1 _ Les entrees sorties
- Chapitre 2 _ Les structures conditionnelles
- Chapitre 3 _ Les structures répétitives
- Chapitre 4 _ Les tableaux I
- Chapitre 4 _ Les tableaux Tri & recherche II
- Chapitre 5 _ Les chaines de caractères I
- Chapitre 5 _ Les chaines de caractères II
- Chapitre 6 _ les structures
- Chapitre 7 _ Les fonctions
- Chapitre 8 _ Les pointeurs

Tapez le nom du chapitre pour continuer.",2025-06-25 11:37:02.561233,ff11ad22-5c36-4e53-b849-2f6d7dd7ad0b,ff11ad22-5c36-4e53-b849-2f6d7dd7ad0b_0,{}
Chapitre 1 _ Les entrees sorties,"📝 Question:

13) Quel est le problème lors de la déclaration de la variable suivante?

Code:
float 4Chambre-Hall-Cuisine?;

```python
float 4Chambre-Hall-Cuisine?;
```

Options:
A) Le nom de la variable commence par un entier
B) Le caractère spécial «-»
C) Le caractère spécial «?»
D) Tout les réponses sont vrais

Pour répondre, écrivez ""reponse: "" suivi de votre choix (ex: reponse: A)",2025-06-25 11:37:09.095391,ff11ad22-5c36-4e53-b849-2f6d7dd7ad0b,ff11ad22-5c36-4e53-b849-2f6d7dd7ad0b_1,{}
reponse: A,"**Validation :**

 ❌ Incorrect


**Explication :**

Le problème se trouve dans la déclaration de la variable `4Chambre-Hall-Cuisine?`. La question se pose est-ce que cela est une erreur ou pas.

En fait, c'est une bonne pratique en programmation C# de déclarer les variables avec un point (`.`) au lieu d'un trait d'interrogation (`?`). Le trait d'interrogation est utilisé pour indiquer à la compilation qu'une fonction ou une méthode retourne quelque chose.

Par exemple, si on veut déclarer une variable qui représente le nombre de chambres dans une maison, il faudrait utiliser :

```csharp
float 4Chambre = 4;
```

Et non :

```csharp
float 4Chambre-Hall-Cuisine? = 4;
```

**Conseils :**

1. **Utilisez le point (`.`) pour déclarer des variables**: Les variables devraient être déclares avec un point au lieu d'un trait d'interrogation.
2. **Soyez attentif aux règles de syntaxe**: Prenez le temps de lire et d'appliquer les règles de syntaxe de votre langage de programmation pour éviter des erreurs comme celles-ci.
3. **Utilisez des noms de variables clairs et significatifs**: Les noms de variable devraient être clairs et significatifs pour faciliter la compréhension du code.

📊 Score actuel: 0/1

Pour continuer dans ce chapitre, tapez n'importe quoi. Pour changer de chapitre, tapez 'changer de chapitre'.",2025-06-25 11:37:35.635713,ff11ad22-5c36-4e53-b849-2f6d7dd7ad0b,ff11ad22-5c36-4e53-b849-2f6d7dd7ad0b_2,{}
bonjour,"Bonjour! Je suis votre assistant pédagogique. Je peux vous aider avec:
1. Des questions sur la programmation C (posez votre question)
2. Des quiz d'apprentissage (tapez 'quiz')
Que souhaitez-vous faire?",2025-06-24 21:47:01.143871,rit4mo415hmcazxlkv,rit4mo415hmcazxlkv_0,{}
helloo,"Je suis ravi de vous aider avec les questions de programmation C !

**Question 1 : Quel sera le résultat du code suivant ?**

Pour répondre à cette question, il faut comprendre comment fonctionnent les structures conditionnelles en C.

Le code fourni est un exemple classique d'utilisation de l'instruction `if` pour tester une condition et exécuter une instruction alternative si la condition n'est pas vraie. Dans ce cas, la variable `x` est définie comme étant 0, ce qui rendra la condition `if (x == 0)` vraie.

Voici le code avec les explications :

```c
#include <stdio.h>
int main()
{
    int x = 0;
    if (x == 0)
        printf(""hi""); // Condition vraie, affiche ""hi""
    else
        printf(""how are u""); // Condition fausse, affiche ""how are u""
    printf(""hello""); // Instruction indépendante, affiche toujours ""hello""
    return 0;
}
```

Le résultat du code sera :

```
hi hello
```

La variable `x` est définie comme étant 0, ce qui rend la condition `if (x == 0)` vraie. L'instruction `printf(""hi"");` est donc exécutée avant l'instruction `printf(""hello"");`. Le mot ""hello"" est toujours affiché en fin de code car il apparaît dans une instruction indépendante.

**Question 5 : Quelle instruction nous permet de créer une chaîne de caractère contenant le mot ""HELLO""?**

Pour répondre à cette question, on utilise l'instruction `printf()` avec la fonction `%s` pour afficher une chaîne de caractères. La chaîne de caractères est créée en utilisant des guillemets simples (`""""`) et en insérant les caractères souhaités entre eux.

Voici le code pour créer une chaîne de caractère contenant le mot ""HELLO"" :

```c
#include <stdio.h>
int main()
{
    char nom[] = ""HELLO""; // Chaîne de caractères avec des guillemets simples
    printf(""%s"", nom); // Affiche la chaîne de caractères ""HELLO""
    return 0;
}
```

Le résultat du code sera :

```
HELLO
```

**Question 4 : Qu'est-ce qui se passe après un return ?**

Pour répondre à cette question, il faut comprendre comment fonctionnent les fonctions en C et comment utiliser l'instruction `return`.

Lorsque l'on utilise une instruction `return` dans une fonction, elle permet de quitter la fonction actuelle et de revenir au point de départ du programme. La valeur renvoyée par la fonction est alors utilisée pour arrêter l'exécution de la fonction.

Voici un exemple de code avec une fonction qui affiche le message ""Hello World"" :

```c
#include <stdio.h>
void bonjour() {
    printf(""Bonjour !\n"");
}
int main()
{
    bonjour(); // Exécute la fonction `bonjour`
    return 0;
}
```

Dans cet exemple, la fonction `bonjour()` affiche le message ""Bonjour !"" en utilisant l'instruction `printf()`. Lorsque la fonction `main()` est exécutée, elle appelle la fonction `bonjour()` qui affiche le message. La fonction `bonjour()` utilise l'instruction `return` pour quitter la fonction et revenir au point de départ du programme.

Le résultat du code sera :

```
Bonjour !
```

La valeur renvoyée par la fonction `bonjour()` n'est pas utilisée dans cet exemple, mais si on utilise une variable pour stocker la valeur renvoyée, le résultat serait différent.",2025-06-24 22:05:46.478734,xys2g8wihdmcb0l6iv,xys2g8wihdmcb0l6iv_0,{}
bonjour,"Bonjour! Je suis votre assistant pédagogique. Je peux vous aider avec:
1. Des questions sur la programmation C (posez votre question)
2. Des quiz d'apprentissage (tapez 'quiz')
Que souhaitez-vous faire?",2025-06-24 22:05:55.787188,xys2g8wihdmcb0l6iv,xys2g8wihdmcb0l6iv_1,{}
